id,area,pagina,carpeta_origen,titulo,descripcion,tipo,archivo_origen,estado,prioridad,es_duplicado,duplicado_de
1,Ana María Romero Sandoval,Misión / Visión / PEI,1 - ANA MARÍA ROMERO SANDOVAL,"La misión y la visión deben consignarse exactamente como figuran en el PEI y el POI, sin modificacio…","La misión y la visión deben consignarse exactamente como figuran en el PEI y el POI, sin modificaciones, ampliaciones ni reducciones en su contenido, ya que cualquier variación constituye una observación durante los procesos de supervisión de SUNEDU.",observación,1 - ANA MARÍA ROMERO SANDOVAL/OBSERVACIONES PÁG WEB PRUEBA.docx,pendiente,media,False,
2,Ana María Romero Sandoval,Carrera / Programa académico,1 - ANA MARÍA ROMERO SANDOVAL,"Eliminar la expresión “PRÓXIMAMENTE”, debido a que la modalidad actualmente ofertada y vigente en su…","Eliminar la expresión “PRÓXIMAMENTE”, debido a que la modalidad actualmente ofertada y vigente en su mayoría es la modalidad a distancia. Asimismo, la denominación correcta de la modalidad es “A Distancia”.",observación,1 - ANA MARÍA ROMERO SANDOVAL/OBSERVACIONES PÁG WEB PRUEBA.docx,pendiente,media,False,
3,Ana María Romero Sandoval,Posgrado,1 - ANA MARÍA ROMERO SANDOVAL,"Actualizar la clasificación de la oferta académica a: Pregrado, Segunda Especialidad, Posgrado – Mae…","Actualizar la clasificación de la oferta académica a: Pregrado, Segunda Especialidad, Posgrado – Maestrías y Posgrado – Doctorados. Asimismo, eliminar la palabra “Salud”, por no corresponder a la clasificación institucional de los programas académicos.",observación,1 - ANA MARÍA ROMERO SANDOVAL/OBSERVACIONES PÁG WEB PRUEBA.docx,pendiente,media,False,
4,Ana María Romero Sandoval,General,1 - ANA MARÍA ROMERO SANDOVAL,"Corregir el texto correspondiente a la pregunta, a fin de garantizar su claridad, coherencia y adecu…","Corregir el texto correspondiente a la pregunta, a fin de garantizar su claridad, coherencia y adecuada redacción.",observación,1 - ANA MARÍA ROMERO SANDOVAL/OBSERVACIONES PÁG WEB PRUEBA.docx,pendiente,media,False,
5,Ana María Romero Sandoval,General,1 - ANA MARÍA ROMERO SANDOVAL,Corregir la dirección; la denominación correcta es “Lote Resultante 1A”.,Corregir la dirección; la denominación correcta es “Lote Resultante 1A”.,observación,1 - ANA MARÍA ROMERO SANDOVAL/OBSERVACIONES PÁG WEB PRUEBA.docx,pendiente,media,False,
6,Ana María Romero Sandoval,Menú / Navegación,1 - ANA MARÍA ROMERO SANDOVAL,"Al hacer clic en el botón “Saber más”, el enlace dirige a la página de YouTube. Se recomienda que re…","Al hacer clic en el botón “Saber más”, el enlace dirige a la página de YouTube. Se recomienda que redirija al canal oficial de YouTube de la Universidad, a fin de garantizar la difusión de contenido institucional. 7553325-1778000 No se despliegan las opciones del menú de navegación. Estas solo son visibles al reducir el nivel de zoom de la página.. Mostrar todas las modalidades registradas del programa y corregir la denominación de la modalidad a “A Distancia”, en reemplazo de “Virtual”, por ser la nomenclatura oficial. Existe una inconsistencia entre la modalidad consignada en la pregunta y la mostrada en el resumen de cierre. Unificar la información, ya que en la primera figura “A Distancia” y en la segunda “Presencial”. Se recomienda no consignar las fechas de admisión de cada programa, ya que la fecha oficial de admisión es la establecida en el Calendario Académico Institucional y puede estar sujeta a modificaciones. Asimismo, verificar y unificar la información correspondiente a las modalidades de todos los programas, utilizando la denominación oficial autorizada para cada una de ellas.",observación,1 - ANA MARÍA ROMERO SANDOVAL/OBSERVACIONES PÁG WEB PRUEBA.docx,pendiente,media,False,
7,Ana María Romero Sandoval,Carrera / Programa académico,1 - ANA MARÍA ROMERO SANDOVAL,"Corregir la información correspondiente a “PUEDE”, ya que hace referencia a un horario y no a una cl…","Corregir la información correspondiente a “PUEDE”, ya que hace referencia a un horario y no a una clasificación de programas. Asimismo, las carreras ofertadas corresponden a las mismas de Pregrado Regular.",observación,1 - ANA MARÍA ROMERO SANDOVAL/OBSERVACIONES PÁG WEB PRUEBA.docx,pendiente,media,False,
8,Ana María Romero Sandoval,Carrera / Programa académico,1 - ANA MARÍA ROMERO SANDOVAL,"Incorporar un apartado independiente para “Segunda Especialidad”, ya que constituye un nivel académi…","Incorporar un apartado independiente para “Segunda Especialidad”, ya que constituye un nivel académico distinto y no forma parte de los programas de Pregrado.",observación,1 - ANA MARÍA ROMERO SANDOVAL/OBSERVACIONES PÁG WEB PRUEBA.docx,pendiente,media,False,
9,Marietta Lezama (DCA),Página principal / Home,2 - MARIETTA LEZAMA,De mi consideración:,De mi consideración:,observación,2 - MARIETTA LEZAMA/INFORME 026-2026- UPRIT- DCA- REVISIÓN DE PÁGINA WEB INSTITUCIONAL- TI.docx,pendiente,media,False,
10,Marietta Lezama (DCA),Página principal / Home,2 - MARIETTA LEZAMA,"Tengo el agrado de dirigirme a usted, a nombre de la Dirección de Calidad y Acreditación, con la fin…","Tengo el agrado de dirigirme a usted, a nombre de la Dirección de Calidad y Acreditación, con la finalidad de hacerle llegar el informe de la revisión de la propuesta de la página web institucional, dando respuesta a la comunicación de fecha 22 de julio, enviada mediante correo electrónico por el sr. Jhon Livias. Sin otro particular, quedo de usted. Atentamente, Mg. Ing. Cecilia Marietta Lezama Sánchez DIRECTORA DE CALIDAD Y ACREDITACIÓN Universidad Privada de Trujillo INFORME DE REVISIÓN DE PROPUESTA DE PÁGINA WEB INSTITUCIONAL Para la realización del presente informe, hemos tomado como base el contenido mínimo requerido de lo que establece la Ley Universitaria y las disposiciones de SUNEDU ya que el incumplimiento de estas obligaciones de transparencia puede ser materia de supervisión y sanción por parte de la SUNEDU.",observación,2 - MARIETTA LEZAMA/INFORME 026-2026- UPRIT- DCA- REVISIÓN DE PÁGINA WEB INSTITUCIONAL- TI.docx,pendiente,media,False,
11,Marietta Lezama (DCA),Página principal / Home,2 - MARIETTA LEZAMA,"De acuerdo a esta premisa, es importante para la superintendencia la información contenida en el Por…","De acuerdo a esta premisa, es importante para la superintendencia la información contenida en el Portal de Transparencia de la universidad, el cual debe difundir:",observación,2 - MARIETTA LEZAMA/INFORME 026-2026- UPRIT- DCA- REVISIÓN DE PÁGINA WEB INSTITUCIONAL- TI.docx,pendiente,media,False,
12,Marietta Lezama (DCA),Página principal / Home,2 - MARIETTA LEZAMA,📜 1. Documentos de Gestión y Normativa Interna Estatuto de la universidad. Reglamento General y demá…,"📜 1. Documentos de Gestión y Normativa Interna Estatuto de la universidad. Reglamento General y demás reglamentos internos. Texto Único de Procedimientos Administrativos (TUPA). Plan Estratégico Institucional (PEI). Manual de Organización y Funciones (MOF) u otros documentos de gestión que definan la estructura orgánica. 🗓️ 2. Actas y Resoluciones de los Órganos de Gobierno Actas de las sesiones del Consejo Universitario. Actas de las sesiones de la Asamblea Universitaria. Actas de las sesiones de Consejo de Facultad. Resoluciones emitidas por las autoridades competentes (Rectorales, Vicerrectorales, etc.). 💰 3. Información Económica y Financiera Estados financieros (Balance General, Estado de Resultados, etc.). Ejecución presupuestal y balances actualizados. Inversiones, reinversiones y donaciones recibidas. Obras de infraestructura y recursos de diversa fuente. 🎓 4. Oferta Académica y Vida Universitaria Proyectos de investigación y los gastos que estos generan. Relación y número de becas y créditos educativos disponibles y otorgados en el año en curso. Relación de pagos exigidos a los alumnos (matrícula, pensiones, derechos de grado, etc.). Número de alumnos por facultades y programas de estudio. 👨‍🏫 5. Personal Docente y Administrativo Conformación del cuerpo docente, indicando su clase, categoría y hoja de vida. Remuneraciones, bonificaciones y demás estímulos que se pagan a las autoridades y docentes en cada categoría. 📊 6. Estadísticas y Procesos de Admisión Número de postulantes, ingresantes, egresados y graduados por año y carrera. 💡 Aspectos Adicionales a Considerar Interoperabilidad con SUNEDU: El portal debe ser interoperable con el Sistema de Información Universitaria de la SUNEDU, lo que facilita la fiscalización y el acceso a la información. Accesibilidad: La información debe ser de fácil acceso y, de ser el caso, debe contar con opciones para personas con discapacidad que puedan limitar su acceso. Protección de Datos: La publicación debe realizarse con observancia de las normas de protección de datos personales. Actualización Permanente: La información debe mantenerse actualizada para cumplir con el deber de transparencia. Lenguaje y Claridad: La información debe ser presentada de manera clara y comprensible, evitando tecnicismos innecesarios.",observación,2 - MARIETTA LEZAMA/INFORME 026-2026- UPRIT- DCA- REVISIÓN DE PÁGINA WEB INSTITUCIONAL- TI.docx,pendiente,media,False,
13,Marietta Lezama (DCA),Página principal / Home,2 - MARIETTA LEZAMA,"Habiendo revisado la propuesta de página web institucional, se ha detectado lo siguiente:","Habiendo revisado la propuesta de página web institucional, se ha detectado lo siguiente:",observación,2 - MARIETTA LEZAMA/INFORME 026-2026- UPRIT- DCA- REVISIÓN DE PÁGINA WEB INSTITUCIONAL- TI.docx,pendiente,media,False,
14,Marietta Lezama (DCA),Página principal / Home,2 - MARIETTA LEZAMA,"Necesidad de revisar la ortografía del contenido, se adjuntan imágenes en las páginas siguientes de …","Necesidad de revisar la ortografía del contenido, se adjuntan imágenes en las páginas siguientes de las principales faltas ortográficas detectadas. En el área de Pregrado se ha detectado nombre de docentes que ya no laboran o no han laborado nunca en UPRIT, ver caso Antonio Manfredi y otros. Existen nombre de docentes que están asociados a la foto de otro docente que no corresponde. La foto de Antonio Manfredi aparece como imagen asociada a varios docentes, hombres y mujeres en varios programas. Adjuntamos a continuación algunas imágenes explicativas de otros hallazgos. left25400000 El enfoque STEM que se indica en el brochure debe ser, según la denominación del mismo enfoque STEAM. https://staging.uprit.edu.pe/detalle-carrera/30 - AQUÍ SE INDICA QUE SÓLO LA CARRERA DERECHO SE DICTARÁ DE MANERA PRESENCIAL Y VIRTUAL. EN LAS DEMÁS CARRERAS NO SE INDICAN. -863601079500LA PALABRA EXAMEN NO LLEVA TILDE Y ESTO SE APRECIA EN TODAS LAS INDICACIONES DE LA FECHA DEL EXAMEN. left000PARA UNA MEJOR PRESENTACIÓN, SE SUGIERE USAR LAS LETRAS MINÚSCULAS EN TODOS LOS CASOS, SALVO LA PRIMERA LETRA CON QUE INICIA LA PALABRA. https://staging.uprit.edu.pe/detalle-carrera/2 left28194000 REVISAR QUE EL PERFIL DE EGRESO SEA EL MISMO QUE SE INDICA EN LAS SUMILLAS. https://staging.uprit.edu.pe/detalle-carrera/2 left13316800 right40277100EN MODALIDADES, NO TODAS LAS CARRERAS INDICAN CUÁL ES LA MODALIDAD. https://staging.uprit.edu.pe/detalle-carrera/11 left743800CORRECCIÓN ORTOGRÁFICA: COLOCAR TILDES A LAS PALABRAS TÍTULO, QUÉ. https://staging.uprit.edu.pe/detalle-carrera/11 left28702000 LA PALABRA QUE CUANDO VA ENTRE SIGNOS DE INTERROGACIÓN, COMO ES EL CASO DE LA ÚLTIMA PREGUNTA PRESENTADA EN ESTE PARTE DEL PORTAL, DEBE LLEVAR TILDE. https://staging.uprit.edu.pe/detalle-carrera/36 left28829000 LA PALABRA MATEMÁTICAS, DEBE LLEVAR TILDE.",observación,2 - MARIETTA LEZAMA/INFORME 026-2026- UPRIT- DCA- REVISIÓN DE PÁGINA WEB INSTITUCIONAL- TI.docx,pendiente,media,False,
15,Marietta Lezama (DCA),Página principal / Home,2 - MARIETTA LEZAMA,"CORREGIR LA PALABRA QUÉ, PUES LLEVA TILDE.","CORREGIR LA PALABRA QUÉ, PUES LLEVA TILDE.",observación,2 - MARIETTA LEZAMA/INFORME 026-2026- UPRIT- DCA- REVISIÓN DE PÁGINA WEB INSTITUCIONAL- TI.docx,pendiente,media,False,
16,Marietta Lezama (DCA),Página principal / Home,2 - MARIETTA LEZAMA,left28702000 LA PALABRA PRÁCTICA LEVA TILDE. https://staging.uprit.edu.pe/detalle-carrera/25 - REVIS…,left28702000 LA PALABRA PRÁCTICA LEVA TILDE. https://staging.uprit.edu.pe/detalle-carrera/25 - REVISAR SI LA INFORMACIÓN ES CORRECTA EN ESTA ÁREA. https://staging.uprit.edu.pe/direccion left000JERARQUIZAR CONTENIDO. https://staging.uprit.edu.pe/direccion 11793175SE DEBE SUBIR INFORMACIÓN. https://staging.uprit.edu.pe/direccion left28765500,observación,2 - MARIETTA LEZAMA/INFORME 026-2026- UPRIT- DCA- REVISIÓN DE PÁGINA WEB INSTITUCIONAL- TI.docx,pendiente,media,False,
17,Marietta Lezama (DCA),Página principal / Home,2 - MARIETTA LEZAMA,ACTUALIZAR INFORMACIÓN https://repositorio.uprit.edu.pe/handle/UPRIT/208,ACTUALIZAR INFORMACIÓN https://repositorio.uprit.edu.pe/handle/UPRIT/208,observación,2 - MARIETTA LEZAMA/INFORME 026-2026- UPRIT- DCA- REVISIÓN DE PÁGINA WEB INSTITUCIONAL- TI.docx,pendiente,media,False,
18,Marietta Lezama (DCA),Página principal / Home,2 - MARIETTA LEZAMA,left28638500 NO SE APRECIA INFORMACIÓN. https://staging.uprit.edu.pe/# left000ACTUALIZAR INFORMACIÓN…,left28638500 NO SE APRECIA INFORMACIÓN. https://staging.uprit.edu.pe/# left000ACTUALIZAR INFORMACIÓN AL 2026 https://staging.uprit.edu.pe/transparencia,observación,2 - MARIETTA LEZAMA/INFORME 026-2026- UPRIT- DCA- REVISIÓN DE PÁGINA WEB INSTITUCIONAL- TI.docx,pendiente,media,False,
19,Marietta Lezama (DCA),Página principal / Home,2 - MARIETTA LEZAMA,ACTUALIZAR INFORMACIÓN AL 2026,ACTUALIZAR INFORMACIÓN AL 2026,observación,2 - MARIETTA LEZAMA/INFORME 026-2026- UPRIT- DCA- REVISIÓN DE PÁGINA WEB INSTITUCIONAL- TI.docx,pendiente,media,False,
20,Marietta Lezama (DCA),Página principal / Home,2 - MARIETTA LEZAMA,https://staging.uprit.edu.pe/transparencia El contenido de la página web institucional debe ser actu…,https://staging.uprit.edu.pe/transparencia El contenido de la página web institucional debe ser actualizado constantemente para dar cumplimiento a las CBC que debemos mantener como institución.,observación,2 - MARIETTA LEZAMA/INFORME 026-2026- UPRIT- DCA- REVISIÓN DE PÁGINA WEB INSTITUCIONAL- TI.docx,pendiente,media,False,
21,Jovana Bracamonte (Bienestar/RSU),Bienestar / RSU,3 - JOVANA BRACAMONTE,Servicios sociales: y programa de atención a la diversidad,Servicios sociales: y programa de atención a la diversidad,observación,3 - JOVANA BRACAMONTE/PARA PÁGINA WEB.docx,pendiente,media,False,
22,Jovana Bracamonte (Bienestar/RSU),Página principal / Home,3 - JOVANA BRACAMONTE,Responsabilidad Social Universitaria: Propuesta para página principal de bienestar:1323850 PROPUESTA…,Responsabilidad Social Universitaria: Propuesta para página principal de bienestar:1323850 PROPUESTAS DE CADA SERVICIO,observación,3 - JOVANA BRACAMONTE/PARA PÁGINA WEB.docx,pendiente,media,False,
23,Jovana Bracamonte (Bienestar/RSU),Bienestar / RSU,3 - JOVANA BRACAMONTE,Servicio Psicopedagógico: Introducción del servicio Flyer del servicio Menciona datos específicos y …,"Servicio Psicopedagógico: Introducción del servicio Flyer del servicio Menciona datos específicos y canales de comunicación (correo y agregar número de Whatsapp corporativo) (Opción de la página siguiente) En reservar citas se debe de encontrar horarios disponibles y que tenga una pequeña leyenda indicando horario disponible (verde), horario reservado (rojo) y posible cambio (amarillo) Para reservar la cita aparecerá un formulario en donde tienen que completar los datos del alumno, motivo de consulta, edad, etc. y que también se pueda visualizar una opción de atenciones para orientación vocacional. En la parte derecha que vaya un calendario solo del servicio de las actividades programadas a realizarse y las que están próximas. (Opciòn en la página siguiente)que se visualice los videos realizados cada semana del servicio (dando algún tip) o ya sea una flyer informativo. Al momento que le den clic para solicitar la atención se desglose dos opciones: 1. Consejería- Nombres y Apellidos - Edad - Carrera- Ciclo académico- Facultad- Motivo de consulta- Lugar de residencia2. Orientación vocacional - Nombres y Apellidos - Edad - Carrera- Ciclo académico- Facultad- Motivo de consulta- Lugar de residencia-I.E. a la que pertenece",observación,3 - JOVANA BRACAMONTE/PARA PÁGINA WEB.docx,pendiente,media,False,
24,Jovana Bracamonte (Bienestar/RSU),Bienestar / RSU,3 - JOVANA BRACAMONTE,Servicios de Salud: Introducción de los servicios de salud: Los Servicios de Salud de la Universidad…,"Servicios de Salud: Introducción de los servicios de salud: Los Servicios de Salud de la Universidad Privada de Trujillo (UPRIT) representan un pilar fundamental en el bienestar de nuestra comunidad universitaria, integrando un equipo altamente comprometido con el cuidado de las personas. Brindamos atención oportuna, profesional y cercana, respaldada por criterios técnicos y un enfoque humano que prioriza la salud integral. Más que un servicio, somos un espacio de confianza que promueve la prevención, el autocuidado y una cultura de salud sostenible dentro de la comunidad universitaria. IMAGEN PARA FLYER de los servicios de salud: Flujograma de atención de los servicios de salud: Horario de atención de los servicios de salud: MODIFICACIONES O IMPLEMENTACIONES SEGÚN LA PÁGINA UPRIT: Propuesta de accesos directos con links de los seguros de salud: En el contexto de la sección del ícono “SERVICIOS DE BIENESTAR UNIVERSITARIO”. Pendientes: Individualizar la sección exclusiva de los “SERVICIOS DE SALUD”. Pasos: Entrar al link de la universidad UPRIT Ir a la sección “mis servicios” de la página. Acceder de forma desplegable a: “SERVICIOS DE SALUD” Dar click en “SERVICIOS DE SALUD” para que lleve a la página exclusiva de los servicios de salud Nota: en el paso 4 de dar click para acceder a los servicios de salud, que primero aparezca el flyer con la información general y en el hincapié del flyer, la información que deseen elegir solo para que solo den click (archivo adjunto). -VISUALIZACIÓN DE PÁGINA WEB:",observación,3 - JOVANA BRACAMONTE/PARA PÁGINA WEB.docx,pendiente,media,False,
25,Jovana Bracamonte (Bienestar/RSU),Bienestar / RSU,3 - JOVANA BRACAMONTE,"SERVICIOS DEPORTIVOS Y PROGRAMAS DEPORTIVOS DE ALTA COMPETENCIA: DEPORTES UPRIT ""Forma parte de nues…","SERVICIOS DEPORTIVOS Y PROGRAMAS DEPORTIVOS DE ALTA COMPETENCIA: DEPORTES UPRIT ""Forma parte de nuestros equipos deportivos"" Imagen deportiva Debajo: 🏐 Vóley 🏀 Básquet ♟️ Ajedrez Cuando den clic se abrirá una lista de: Nombre del Docente Horarios de la clase Un enlace para la inscripción ( Google form) o también un enlace directo al número de Bienestar *En ese sentido se ejecuta para todos los talleres. Enlace para inscribirse: https://forms.gle/hSaME47UegLGmzMB7",observación,3 - JOVANA BRACAMONTE/PARA PÁGINA WEB.docx,pendiente,media,False,
26,Jovana Bracamonte (Bienestar/RSU),Bienestar / RSU,3 - JOVANA BRACAMONTE,"PROGRAMA DE ACTIVIDADES ARTÍSTICAS Y CULTURALES: ""Descubre tu talento"" (Imagen grande de estudiantes…","PROGRAMA DE ACTIVIDADES ARTÍSTICAS Y CULTURALES: ""Descubre tu talento"" (Imagen grande de estudiantes bailando, tocando instrumentos y participando en actividades culturales). Abajo: 🎵 Música Cuando den clic se abrirá una lista de: Nombre del Docente Horarios de la clase Un enlace para la inscripción ( Google form) o también un enlace directo del whatsapp del número de Bienestar. *En ese sentido se ejecuta para todos los talleres. También se considera y se propone lo siguiente para darle mayor impacto y que el alumno tenga información relevante y proceda a inscribirse , sería: Información del docente : Foto , especialidad , experiencia y un video donde invite o de la bienvenida al taller. Otra propuesta sería que haya la opción de dar clic y los permita ver los videos cortitos o promocionales , flayers de cada taller. Otra propuesta sería que haya la opción de dar clic y los permita ver entrevistas ya sea al docente dando a saber la importancia del taller o los alumnos sobre su experiencia del mismo. Otra propuesta adicional ( porque quizá la gran mayoría desconoce o piensa ) que haya la opcion de preguntas y respuestas sobre : ¿Quiénes pueden participar? ¿Tiene costo? ¿Cómo me inscribo? ¿Puedo participar si estudio virtual? ¿Cuándo inician los talleres? Nombre del responsable: Christian Narro Inante Cargo: Responsable de Programas de Actividades Artísticas y Culturales. Eduardo Alberto Ariza Velásquez Responsable de Servicio Social y Programa de Atención a la Diversidad.",observación,3 - JOVANA BRACAMONTE/PARA PÁGINA WEB.docx,pendiente,media,False,
27,Jovana Bracamonte (Bienestar/RSU),Bienestar / RSU,3 - JOVANA BRACAMONTE,Responsabilidad Social Universitaria: (título) (encabezado) Compromiso con el desarrollo sostenible …,Responsabilidad Social Universitaria: (título) (encabezado) Compromiso con el desarrollo sostenible y el bienestar de nuestra comunidad. Yancarlo Plasencia CasasResponsable del área de Responsabilidad Social Universitaria19051455702,observación,3 - JOVANA BRACAMONTE/PARA PÁGINA WEB.docx,pendiente,media,False,
28,Dirección de Investigación,Investigación,5 - DIRECCION DE INVESTIGACION,OBSERVACIONES DE LA PÁGINA UPRIT OBSERVACIONES DE LA PÁGINA DE LA DIRECCIÓN DE INVESTIGACIÓN,OBSERVACIONES DE LA PÁGINA UPRIT OBSERVACIONES DE LA PÁGINA DE LA DIRECCIÓN DE INVESTIGACIÓN,observación,5 - DIRECCION DE INVESTIGACION/OBSERVACIONES DE LA PÁGINA UPRIT ÁREA DE INVESTIGACIÓN - LEGACY.docx,pendiente,media,False,
29,Dirección de Investigación,Investigación,5 - DIRECCION DE INVESTIGACION,OBSERVACIONES DE LA PÁGINA UPRIT OBSERVACIONES DE LA PÁGINA DE LA DIRECCIÓN DE INVESTIGACIÓN,OBSERVACIONES DE LA PÁGINA UPRIT OBSERVACIONES DE LA PÁGINA DE LA DIRECCIÓN DE INVESTIGACIÓN,observación,5 - DIRECCION DE INVESTIGACION/OBSERVACIONES UPRIT - DIRECCIÓN DE INVESTIGACIÓN.docx,pendiente,media,True,28
30,Dirección de Investigación,Investigación,5 - DIRECCION DE INVESTIGACION,Cambiar la palabra por “Investigación”,Cambiar la palabra por “Investigación”,observación,5 - DIRECCION DE INVESTIGACION/OBSERVACIONES DE LA PÁGINA UPRIT ÁREA DE INVESTIGACIÓN - LEGACY.docx,pendiente,media,False,
31,Dirección de Investigación,Menú / Navegación,5 - DIRECCION DE INVESTIGACION,Reemplazar “promoción del deporte y actividad física” por: Ciencia e Innovación para un Futuro Soste…,"Reemplazar “promoción del deporte y actividad física” por: Ciencia e Innovación para un Futuro Sostenible En la UPRIT promovemos una cultura de investigación, innovación y emprendimiento científico que integra a estudiantes, docentes y aliados estratégicos para desarrollar proyectos multidisciplinarios, generar nuevo conocimiento y contribuir al desarrollo sostenible de la región y del país.",observación,5 - DIRECCION DE INVESTIGACION/OBSERVACIONES DE LA PÁGINA UPRIT ÁREA DE INVESTIGACIÓN - LEGACY.docx,pendiente,media,False,
32,Dirección de Investigación,Investigación,5 - DIRECCION DE INVESTIGACION,"El equipo directivo debe seguir un orden: DIRECTOR DE INVESTIGACIÓN, COORDINADORA DE CONTROL DE PROY…","El equipo directivo debe seguir un orden: DIRECTOR DE INVESTIGACIÓN, COORDINADORA DE CONTROL DE PROYECTOS, DOCENTES INVESTIGADORES (MUJERES -> HOMBRES) considerar los grados académicos en cada integrante, por ejemplo: Dr. Marco Antonio Sevilla Gamarra…",observación,5 - DIRECCION DE INVESTIGACION/OBSERVACIONES DE LA PÁGINA UPRIT ÁREA DE INVESTIGACIÓN - LEGACY.docx,pendiente,media,False,
33,Dirección de Investigación,Bienestar / RSU,5 - DIRECCION DE INVESTIGACION,Considerar la actualización de información académica de cada integrante del área. En el apartado de …,"Considerar la actualización de información académica de cada integrante del área. En el apartado de colaboración internacional, colocar los logos de los convenios exclusivos con investigación. Adjuntar los PDF con el nombre de los proyectos I+D+i del 2025 - 2026 y adjuntar el link del repositorio Cambiar nombre de Investigación con impacto por “INVESTIGACIÓN CON RESPONSABILIDAD SOCIAL UNIVERSITARIA” Adjuntar una tabla: N° Título del proyecto Investigador Principal Coautores Línea de Investigación Aliado/Beneficiario Estado Producto 1 left633879500 Cambiar de “ultimas noticias” por Columna del Investigador ORDEN: Foto del investigador y nombres completos debajo de la foto Al costado derecho el título del Artículo de opinión Redirigir al artículo Cambiar de “Nuestros principios de investigación” por “Ejes Estratégicos de la Investigación” Solamente en “dirección de investigación” OBSERVACIONES DE LA PAGINA “CENTROS DE INVESTIGACIÓN”",observación,5 - DIRECCION DE INVESTIGACION/OBSERVACIONES DE LA PÁGINA UPRIT ÁREA DE INVESTIGACIÓN - LEGACY.docx,pendiente,media,False,
34,Dirección de Investigación,Menú / Navegación,5 - DIRECCION DE INVESTIGACION,REEMPLAZAR “SOLUCIONES INNVADORES PARA EL MUNDO REAL” POR: Generando conocimiento para el desarrollo…,"REEMPLAZAR “SOLUCIONES INNVADORES PARA EL MUNDO REAL” POR: Generando conocimiento para el desarrollo Los Centros de Investigación de la UPRIT impulsa la investigación científica, la innovación y la colaboración interdisciplinaria para generar conocimiento de calidad, fortalecer la producción científica y desarrollar soluciones que contribuyan al progreso de la sociedad y al desarrollo sostenible. Cambiar por lo siguientes principios y sus descripciones: 1. Integridad Científica Promovemos una investigación fundamentada en la honestidad, la ética, la transparencia y el rigor metodológico, garantizando la confiabilidad y credibilidad de los resultados científicos. 2. Innovación y Transferencia del Conocimiento Impulsamos la generación de conocimiento, el desarrollo de soluciones innovadoras y la transferencia de los resultados de investigación para contribuir al desarrollo científico, tecnológico y social. 3. Interdisciplinariedad Fomentamos la integración de diversas disciplinas y el trabajo colaborativo para abordar problemas complejos desde una perspectiva integral y generar soluciones con mayor impacto. 4. Responsabilidad Social Universitaria Orientamos la investigación hacia la atención de las necesidades de la sociedad, promoviendo proyectos que generen impacto social, ambiental y económico, en concordancia con los principios del desarrollo sostenible. 5. Sostenibilidad Promovemos investigaciones que contribuyan al desarrollo sostenible mediante la generación de conocimiento orientado a la preservación del ambiente, el bienestar social y el crecimiento económico responsable. 6. Acceso y Difusión del Conocimiento Promovemos la publicación, divulgación y transferencia del conocimiento científico, facilitando el acceso a los resultados de investigación para la comunidad académica, el sector productivo y la sociedad. 7. Compromiso con la Calidad Impulsamos la mejora continua de los procesos de investigación mediante el cumplimiento de estándares nacionales e internacionales de calidad, fomentando la excelencia científica y la producción de conocimiento de alto impacto. En categorías",observación,5 - DIRECCION DE INVESTIGACION/OBSERVACIONES DE LA PÁGINA UPRIT ÁREA DE INVESTIGACIÓN - LEGACY.docx,pendiente,media,False,
35,Dirección de Investigación,Investigación,5 - DIRECCION DE INVESTIGACION,agregar de la página antigua a la página actual: Revista y fondo editorial Vinculación con empresas …,agregar de la página antigua a la página actual: Revista y fondo editorial Vinculación con empresas en lugar de “servicios para empresas”. Repositorio de publicaciones Denuncias éticas en la investigación (,observación,5 - DIRECCION DE INVESTIGACION/OBSERVACIONES DE LA PÁGINA UPRIT ÁREA DE INVESTIGACIÓN - LEGACY.docx,pendiente,media,False,
36,Dirección de Investigación,Investigación,5 - DIRECCION DE INVESTIGACION,agregar el código de ética y numero de contacto que vincule al numero corporativo de la dirección de…,agregar el código de ética y numero de contacto que vincule al numero corporativo de la dirección de investigación”,observación,5 - DIRECCION DE INVESTIGACION/OBSERVACIONES DE LA PÁGINA UPRIT ÁREA DE INVESTIGACIÓN - LEGACY.docx,pendiente,media,False,
37,Dirección de Investigación,Investigación,5 - DIRECCION DE INVESTIGACION,Modificación del nombre de la sección,Modificación del nombre de la sección,observación,5 - DIRECCION DE INVESTIGACION/OBSERVACIONES UPRIT - DIRECCIÓN DE INVESTIGACIÓN.docx,pendiente,media,False,
38,Dirección de Investigación,Menú / Navegación,5 - DIRECCION DE INVESTIGACION,"En el menú principal de navegación de la página web institucional, ubicado en la parte superior, se …","En el menú principal de navegación de la página web institucional, ubicado en la parte superior, se identifica la sección correspondiente a la Dirección de Investigación bajo la denominación “Innovación”. Esta denominación no permite identificar de manera directa y precisa que dicha sección corresponde a las actividades, servicios, proyectos y contenidos relacionados con la Dirección de Investigación de la Universidad. Imagen referencial: Imagen 01. Secciones del menú principal donde destaca “Innovación”",observación,5 - DIRECCION DE INVESTIGACION/OBSERVACIONES UPRIT - DIRECCIÓN DE INVESTIGACIÓN.docx,pendiente,media,False,
39,Dirección de Investigación,Menú / Navegación,5 - DIRECCION DE INVESTIGACION,en la sección de Investigación Solución propuesta: Modificar la denominación “Innovación” por “Inves…,en la sección de Investigación Solución propuesta: Modificar la denominación “Innovación” por “Investigación”,observación,5 - DIRECCION DE INVESTIGACION/OBSERVACIONES UPRIT - DIRECCIÓN DE INVESTIGACIÓN.docx,pendiente,media,False,
40,Dirección de Investigación,Menú / Navegación,5 - DIRECCION DE INVESTIGACION,"en el menú principal de la página web institucional, de manera que el acceso correspondiente a la Di…","en el menú principal de la página web institucional, de manera que el acceso correspondiente a la Dirección de Investigación sea identificado directamente con el término “Investigación”. Justificación: Este cambio permitirá que los usuarios, especialmente docentes, estudiantes, investigadores y visitantes externos, puedan ubicar de manera rápida e intuitiva la información relacionada con investigación, evitando confusiones respecto al contenido de la sección y diferenciándola de otros temas o servicios institucionales vinculados específicamente con innovación. Nombre sugerido para el menú: INVESTIGACIÓN Actualización del contenido de presentación de la Dirección de Investigación",observación,5 - DIRECCION DE INVESTIGACION/OBSERVACIONES UPRIT - DIRECCIÓN DE INVESTIGACIÓN.docx,pendiente,media,False,
41,Dirección de Investigación,Menú / Navegación,5 - DIRECCION DE INVESTIGACION,"Al ingresar a la sección correspondiente a la Dirección de Investigación, actualmente se presenta el…","Al ingresar a la sección correspondiente a la Dirección de Investigación, actualmente se presenta el contenido denominado “Promoción del deporte y actividad física”, acompañado de una descripción relacionada con dicha temática. Este contenido no guarda correspondencia con las funciones, objetivos y actividades de la Dirección de Investigación, generando una inconsistencia entre la sección seleccionada y la información que se muestra al usuario. Asimismo, la denominación y descripción actual pueden generar confusión respecto al propósito de esta sección, debido a que el contenido mostrado no permite identificar las principales actividades vinculadas con la investigación, innovación, generación de conocimiento y desarrollo científico de la UPRIT. Imagen referencial: Imagen 02. Contenido actualmente mostrado al ingresar a la sección de la Dirección de Investigación, donde se observa la denominación “Promoción del deporte y actividad física”. | Solución propuesta: Se propone",observación,5 - DIRECCION DE INVESTIGACION/OBSERVACIONES UPRIT - DIRECCIÓN DE INVESTIGACIÓN.docx,pendiente,media,False,
42,Dirección de Investigación,Menú / Navegación,5 - DIRECCION DE INVESTIGACION,reemplazar íntegramente el contenido actual de “Promoción del deporte y actividad física” por un con…,"reemplazar íntegramente el contenido actual de “Promoción del deporte y actividad física” por un contenido institucional que represente adecuadamente a la Dirección de Investigación. right302260Ciencia e Innovación para un Futuro Sostenible En la UPRIT promovemos una cultura de investigación, innovación y emprendimiento científico que integra a estudiantes, docentes y aliados estratégicos para desarrollar proyectos multidisciplinarios, generar nuevo conocimiento y contribuir al desarrollo sostenible de la región y del país. 00Ciencia e Innovación para un Futuro Sostenible En la UPRIT promovemos una cultura de investigación, innovación y emprendimiento científico que integra a estudiantes, docentes y aliados estratégicos para desarrollar proyectos multidisciplinarios, generar nuevo conocimiento y contribuir al desarrollo sostenible de la región y del país. Se propone utilizar la siguiente denominación y descripción: Justificación: La actualización permitirá que el contenido presentado al ingresar a la sección sea coherente con la naturaleza y finalidad de la Dirección de Investigación, brindando al usuario una primera aproximación clara sobre el rol que cumple el área dentro de la Universidad. Asimismo, el nuevo contenido permite comunicar de manera resumida los principales componentes que orientan la actividad investigativa de la UPRIT: investigación, innovación, emprendimiento científico, participación de estudiantes y docentes, colaboración con aliados estratégicos, generación de conocimiento y contribución al desarrollo sostenible. Actualización y ordenamiento de la información del equipo de la Dirección de Investigación",observación,5 - DIRECCION DE INVESTIGACION/OBSERVACIONES UPRIT - DIRECCIÓN DE INVESTIGACIÓN.docx,pendiente,media,False,
43,Dirección de Investigación,Investigación,5 - DIRECCION DE INVESTIGACION,"En el apartado correspondiente al equipo de la Dirección de Investigación, se requiere mejorar la or…","En el apartado correspondiente al equipo de la Dirección de Investigación, se requiere mejorar la organización y presentación de la información de sus integrantes, de manera que permita identificar claramente la estructura del equipo y la función que desempeña cada uno de sus miembros. Asimismo, se advierte la necesidad de",observación,5 - DIRECCION DE INVESTIGACION/OBSERVACIONES UPRIT - DIRECCIÓN DE INVESTIGACIÓN.docx,pendiente,media,False,
44,Dirección de Investigación,Página principal / Home,5 - DIRECCION DE INVESTIGACION,"actualizar la información académica de los integrantes, incorporando sus respectivos grados académic…","actualizar la información académica de los integrantes, incorporando sus respectivos grados académicos y procurando que la presentación mantenga un orden institucional uniforme. Imagen referencial: Imagen 03. Presentación actual del equipo de la Dirección de Investigación en la página web institucional. Solución propuesta: Reorganizar la presentación del equipo de la Dirección de Investigación siguiendo el siguiente orden: Director de Investigación. Coordinadora de Control de Proyectos. Docentes Investigadores, considerando dentro de este grupo el orden de mujeres y hombres. Asimismo,",observación,5 - DIRECCION DE INVESTIGACION/OBSERVACIONES UPRIT - DIRECCIÓN DE INVESTIGACIÓN.docx,pendiente,media,False,
45,Dirección de Investigación,Investigación,5 - DIRECCION DE INVESTIGACION,incorporar los grados académicos correspondientes de cada integrante y,incorporar los grados académicos correspondientes de cada integrante y,observación,5 - DIRECCION DE INVESTIGACION/OBSERVACIONES UPRIT - DIRECCIÓN DE INVESTIGACIÓN.docx,pendiente,media,False,
46,Dirección de Investigación,Investigación,5 - DIRECCION DE INVESTIGACION,actualizar la información académica que se presenta en la página web. Para el caso del Director de I…,"actualizar la información académica que se presenta en la página web. Para el caso del Director de Investigación y demás miembros, se sugiere presentar su información considerando el grado académico correspondiente, por ejemplo: Dr. Marco Antonio Sevilla Gamarra. Dra. Olenka Ana Catherine Espinoza Rodriguez Dra. Mirtha Zulema Armas Chang (A excepción de Charlen Máximo Calero Huamán (Mg), todos los demás tienen condición de Doctor), etc. Justificación: La reorganización permitirá presentar de manera clara y ordenada la estructura del equipo de la Dirección de Investigación, facilitando a los usuarios la identificación de sus autoridades, coordinadores y docentes investigadores. Asimismo, la actualización de los grados académicos contribuirá a fortalecer la presentación institucional del equipo y permitirá que la información publicada en la página web se encuentre acorde con el perfil académico de sus integrantes. Modificación de la denominación “Nuestros principios de investigación”",observación,5 - DIRECCION DE INVESTIGACION/OBSERVACIONES UPRIT - DIRECCIÓN DE INVESTIGACIÓN.docx,pendiente,media,False,
47,Dirección de Investigación,Investigación,5 - DIRECCION DE INVESTIGACION,en la sección de la Dirección de Investigación,en la sección de la Dirección de Investigación,observación,5 - DIRECCION DE INVESTIGACION/OBSERVACIONES UPRIT - DIRECCIÓN DE INVESTIGACIÓN.docx,pendiente,media,False,
48,Dirección de Investigación,Página principal / Home,5 - DIRECCION DE INVESTIGACION,"En la sección correspondiente a la Dirección de Investigación de la página web institucional, se ide…","En la sección correspondiente a la Dirección de Investigación de la página web institucional, se identifica actualmente un apartado denominado “Nuestros principios de investigación”. Se considera necesario",observación,5 - DIRECCION DE INVESTIGACION/OBSERVACIONES UPRIT - DIRECCIÓN DE INVESTIGACIÓN.docx,pendiente,media,False,
49,Dirección de Investigación,Página principal / Home,5 - DIRECCION DE INVESTIGACION,"actualizar esta denominación por “Ejes Estratégicos de la Investigación”, de manera que el contenido…","actualizar esta denominación por “Ejes Estratégicos de la Investigación”, de manera que el contenido presentado en este apartado permita comunicar los principales ejes que orientan y articulan las actividades de investigación de la Dirección de Investigación. Cabe precisar que esta modificación deberá aplicarse únicamente dentro de la sección “Dirección de Investigación”, sin extenderse a otras secciones de la página institucional, como “Centros de Investigación”, debido a que dichas secciones pueden contar con principios, enfoques o contenidos propios. Imagen referencial: Imagen 08. Apartado “Nuestros principios de investigación” ubicado dentro de la sección “Dirección de Investigación” de la página web institucional. Solución propuesta: Modificar, exclusivamente",observación,5 - DIRECCION DE INVESTIGACION/OBSERVACIONES UPRIT - DIRECCIÓN DE INVESTIGACIÓN.docx,pendiente,media,False,
50,Dirección de Investigación,Investigación,5 - DIRECCION DE INVESTIGACION,"en la sección “Dirección de Investigación”, la denominación “Nuestros principios de investigación” p…","en la sección “Dirección de Investigación”, la denominación “Nuestros principios de investigación” por: “EJES ESTRATÉGICOS DE LA INVESTIGACIÓN” En este apartado se propone",observación,5 - DIRECCION DE INVESTIGACION/OBSERVACIONES UPRIT - DIRECCIÓN DE INVESTIGACIÓN.docx,pendiente,media,False,
51,Dirección de Investigación,Investigación,5 - DIRECCION DE INVESTIGACION,incorporar y presentar de manera organizada los ejes estratégicos que orientan la actividad investig…,"incorporar y presentar de manera organizada los ejes estratégicos que orientan la actividad investigativa de la Dirección de Investigación, acompañando cada eje, de corresponder, con una breve descripción que permita al usuario comprender su finalidad. La modificación deberá limitarse a la sección de Dirección de Investigación, manteniendo sin cambios la denominación y contenido de los apartados correspondientes a otras secciones, como “Centros de Investigación”. Justificación: El cambio permitirá diferenciar los contenidos propios de la Dirección de Investigación de aquellos correspondientes a otras unidades o secciones institucionales. Asimismo, la denominación “Ejes Estratégicos de la Investigación” permitirá comunicar de manera más precisa los componentes que orientan la gestión y el desarrollo de las actividades investigativas de la Dirección de Investigación, facilitando su comprensión por parte de docentes, estudiantes, investigadores y visitantes de la página web. La precisión de que el cambio se realice únicamente",observación,5 - DIRECCION DE INVESTIGACION/OBSERVACIONES UPRIT - DIRECCIÓN DE INVESTIGACIÓN.docx,pendiente,media,False,
52,Dirección de Investigación,Investigación,5 - DIRECCION DE INVESTIGACION,en la sección “Dirección de Investigación” evitará que la propuesta sea interpretada como una modifi…,en la sección “Dirección de Investigación” evitará que la propuesta sea interpretada como una modificación general de los contenidos de investigación de toda la página institucional. Nombre sugerido para el apartado: EJES ESTRATÉGICOS DE LA INVESTIGACIÓN Contenido sugerido: En este apartado se presentarán los ejes estratégicos que orientan y articulan las actividades de investigación de la Dirección de Investigación. Incorporación de convenios de colaboración internacional vinculados con investigación,observación,5 - DIRECCION DE INVESTIGACION/OBSERVACIONES UPRIT - DIRECCIÓN DE INVESTIGACIÓN.docx,pendiente,media,False,
53,Dirección de Investigación,Investigación,5 - DIRECCION DE INVESTIGACION,En el apartado correspondiente a “Colaboración internacional” de la página web de la Dirección de In…,"En el apartado correspondiente a “Colaboración internacional” de la página web de la Dirección de Investigación, actualmente no se visualiza contenido relacionado con los convenios o acuerdos de cooperación internacional vinculados específicamente con actividades de investigación. Esta ausencia de información limita la visibilidad de las alianzas institucionales que la Universidad mantiene o desarrolla en el ámbito de la investigación, así como las oportunidades de cooperación académica y científica que puedan derivarse de estos convenios. Imagen referencial: Imagen 04. Apartado de “Colaboración internacional” de la Dirección de Investigación, donde actualmente no se visualiza contenido relacionado con convenios de investigación.",observación,5 - DIRECCION DE INVESTIGACION/OBSERVACIONES UPRIT - DIRECCIÓN DE INVESTIGACIÓN.docx,pendiente,media,False,
54,Dirección de Investigación,Investigación,5 - DIRECCION DE INVESTIGACION,Incorporar en el apartado de “Colaboración internacional” los logotipos de las instituciones con las…,"Incorporar en el apartado de “Colaboración internacional” los logotipos de las instituciones con las cuales la Universidad mantiene convenios o acuerdos de cooperación vinculados específicamente con actividades de investigación. Se propone presentar los logotipos de manera ordenada y acompañarlos, de ser pertinente, con el nombre de la institución correspondiente y un enlace que permita acceder a información relacionada con el convenio o la institución colaboradora (Transparencia). Justificación: La incorporación de los convenios de colaboración internacional permitirá visibilizar las alianzas estratégicas de la Universidad en materia de investigación, fortaleciendo la difusión de las actividades de cooperación científica y académica. Asimismo, esta información permitirá que docentes, estudiantes e investigadores puedan identificar las instituciones con las que la Universidad mantiene vínculos de colaboración relacionados con investigación, contribuyendo a proyectar la actividad investigativa de la UPRIT hacia el ámbito nacional e internacional. Contenido sugerido: COLABORACIÓN INTERNACIONAL Instituciones con convenios y acuerdos de cooperación vinculados con investigación. [Logotipo de la institución 1] - [Logotipo de la institución 2] - [Logotipo de la institución 3] - [Logotipo de la institución 4] … Incorporación de proyectos y producción científica en el apartado “Producción Científica”",observación,5 - DIRECCION DE INVESTIGACION/OBSERVACIONES UPRIT - DIRECCIÓN DE INVESTIGACIÓN.docx,pendiente,media,False,
55,Dirección de Investigación,Investigación,5 - DIRECCION DE INVESTIGACION,"En el apartado denominado “Producción Científica” de la página web de la Dirección de Investigación,…","En el apartado denominado “Producción Científica” de la página web de la Dirección de Investigación, actualmente se presenta únicamente una descripción general sobre la producción científica, sin",observación,5 - DIRECCION DE INVESTIGACION/OBSERVACIONES UPRIT - DIRECCIÓN DE INVESTIGACIÓN.docx,pendiente,media,False,
56,Dirección de Investigación,Investigación,5 - DIRECCION DE INVESTIGACION,incorporar información específica que permita,incorporar información específica que permita,observación,5 - DIRECCION DE INVESTIGACION/OBSERVACIONES UPRIT - DIRECCIÓN DE INVESTIGACIÓN.docx,pendiente,media,False,
57,Dirección de Investigación,Menú / Navegación,5 - DIRECCION DE INVESTIGACION,"visualizar los proyectos de investigación desarrollados por la Universidad. Asimismo, se considera n…","visualizar los proyectos de investigación desarrollados por la Universidad. Asimismo, se considera necesario facilitar el acceso a la producción científica disponible en el Repositorio Institucional, donde se encuentran productos académicos y de investigación, entre ellos trabajos de investigación y tesis. Imagen referencial: Imagen 05. Apartado “Producción Científica” de la Dirección de Investigación, donde se observa actualmente una descripción general sin información detallada sobre los proyectos y productos de investigación. Solución propuesta: Complementar el apartado “Producción Científica” incorporando la relación de los proyectos de investigación I+D+i correspondientes a los años 2025–2026, de manera que los usuarios puedan identificar los principales proyectos desarrollados por docentes de la Universidad. Se propone presentar esta información mediante una tabla que contenga, como mínimo, los siguientes campos: N° Título del proyecto Investigador principal Coautores Línea de investigación Producto 1 “Probabilidades de Daños en Estructuras de Sistema Estructural Dual Frente a Sismos de Gran Magnitud, Lima – 2025” Dr. Lenin Miguel Bendezú Romero Enrique Manuel Durand Bazán Gestión, Innovación, Infraestructura Sostenible y Sistemas Constructivos Artículo científico 2 “Percepciones Parentales y Propuesta Pedagógica para Fomentar la Identidad Cultural” Dra. Olga Estela Mendoza León Celina Pérez Mena Carlos Diego León Villacorta Innovación, Tecnologías, Metodologías y Procesos Pedagógicos, Gestión y Calidad Educativa Artículo científico 3 “Sistema Multimodal de Seguridad Vehicular Basado en Reconocimiento Facial y Control de Encendido para Vehículos usando Microcomputadoras de Bajo Consumo” Mg. Charlen Máximo Calero Huamán Cecilia Marieta Lezama Sánchez Sistemas y Seguridad de la Información, Inteligencia Artificial, Desarrollo de Procesos Industriales, Gestión de Proyectos, Riesgos y Sostenibilidad Ambiental Artículo científico 4 “Plataforma de Monitoreo de Salud Emocional Estudiantil a través de Análisis de Voz y Expresiones Faciales” Mg. Antonio Manfredi Fernández Figueroa Alexander Máximo Rodríguez García Paula Alexandra La Barrera Neciosup Emprendimiento, Gestión Empresarial y Pública, Finanzas, Tributación, Auditoría y Competitividad. Artículo científico 5 “Gestión de la Innovación con Tecnología Financiera en el Crecimiento de la Mypes de Calzado Peruanas” Dra. Olenka Ana Catherine Espinoza Rodríguez Marco Antonio Sevilla Gamarra Mirtha Zulema Armas Chang Luigi Ítalo Villena Zapata Emprendimiento, Gestión Empresarial y Pública, Finanzas, Tributación, Auditoría y Competitividad. Artículo científico 6 “Smart contracts y seguridad jurídica en el Perú: análisis de su viabilidad en el sistema legal peruano” Carlos Jesús Alza Collantes Ghandy Allizon Rengifo Calvanapon Gustavo Antero Silva Kuo-Ying Fabrizio Alonso Morales Novoa Eficiencia de Justicia, Derecho, Estado y Gestión Pública Artículo científico 7 “Uso de geosintético y residuos de concreto estructural como aditivo estabilizador de subrasantes débiles: Estudio experimental y modelo de regresión múltiple” Luigi Ítalo Villena Zapata Rolando Fuentes Llave Álvaro Gustavo Amaya Álvarez Wilson Rolando Cruz Quezada Juan Martín García Chacero Marlon Gastón Farfán Córdova Gestión, Innovación, Infraestructura Sostenible y Sistemas Constructivos Artículo científico 9 “Estrategias de Ciencias y Tecnología en el desarrollo de habilidades investigativas de una Institución Educativa en Trujillo, 2026” Renzo Jesus Maldonado Gomez Julio César Cueva Torres Karin Araceli Valverde Reyes Luigi Ítalo Villena Zapata Innovación, Tecnologías, Metodologías y Procesos Pedagógicos, Gestión y Calidad Educativa Artículo científico 9 “Desarrollo de un sistema IoT con Microcontrolador ARM Cortex y su efecto sobre la detección de pérdidas de eficiencia energética” Charlen Máximo Calero Huamán Joffre Hugo Vara Chávez Sistemas y Seguridad de la Información, Inteligencia Artificial, Desarrollo de Procesos Industriales, Gestión de Proyectos, Riesgos y Sostenibilidad Ambiental Artículo científico 10 “Incidencia del valor de la marca en la adopción de billeteras móviles en empresas comercializadoras de calzado, Trujillo 2026” Mirtha Zulema Armas Chang Luigi Ítalo Villena Zapata Olenka Ana Catherine Espinoza Rodríguez Marco Antonio Sevilla Gamarra Emprendimiento, Gestión Empresarial y Pública, Finanzas, Tributación, Auditoría y Competitividad. Artículo científico 11 “Efectos de un programa de prevención en adicciones tecnológicas sobre la carga cognitiva en adolescentes, Trujillo 2026” Jacqueline Roxana Romero Reyna Anita Campos Márquez Luigi Ítalo Villena Zapata Kenia Andreina Muñoz Flores Natalia Mavila Rodríguez Guzmán Emprendimiento, Gestión Empresarial y Pública, Finanzas, Tributación, Auditoría y Competitividad. Artículo científico Asimismo, se propone",observación,5 - DIRECCION DE INVESTIGACION/OBSERVACIONES UPRIT - DIRECCIÓN DE INVESTIGACIÓN.docx,pendiente,media,False,
58,Dirección de Investigación,Bienestar / RSU,5 - DIRECCION DE INVESTIGACION,"incorporar un botón o enlace de acceso al Repositorio Institucional, que permita redirigir al usuari…","incorporar un botón o enlace de acceso al Repositorio Institucional, que permita redirigir al usuario directamente al espacio donde se encuentra disponible la producción académica y científica de la Universidad, incluyendo las tesis y demás trabajos de investigación disponibles en el repositorio. Justificación: La incorporación de esta información permitirá que el apartado “Producción Científica” no se limite a una descripción general, sino que evidencie de manera concreta la actividad investigativa desarrollada por la Universidad. Asimismo, la presentación de los proyectos I+D+i permitirá visibilizar las investigaciones realizadas durante los años 2025–2026, identificando a sus investigadores, líneas de investigación, aliados o beneficiarios y productos derivados. Por otro lado, la incorporación de un enlace directo al Repositorio Institucional facilitará el acceso de docentes, estudiantes, investigadores y visitantes externos a la producción académica y científica de la Universidad, incluyendo las tesis y otros trabajos de investigación disponibles. Contenido sugerido para el apartado: PRODUCCIÓN CIENTÍFICA Principales proyectos de investigación y productos científicos desarrollados por la UPRIT, promoviendo la generación, difusión y acceso al conocimiento. Proyectos de Investigación I+D+i – 2025–2026 [Tabla de proyectos] 🔗 Acceder al Repositorio Institucional Incorporación de proyectos de investigación vinculados con la Responsabilidad Social Universitaria",observación,5 - DIRECCION DE INVESTIGACION/OBSERVACIONES UPRIT - DIRECCIÓN DE INVESTIGACIÓN.docx,pendiente,media,False,
59,Dirección de Investigación,Menú / Navegación,5 - DIRECCION DE INVESTIGACION,En la página web de la Dirección de Investigación se identifica actualmente un apartado denominado “…,"En la página web de la Dirección de Investigación se identifica actualmente un apartado denominado “Investigación con Impacto”, en el cual se presenta una descripción general sobre los proyectos de investigación y su contribución a la innovación y al beneficio de la sociedad. Sin embargo, el contenido actual no permite identificar de manera específica cuáles de los proyectos de investigación desarrollados por la Universidad se encuentran vinculados con acciones o componentes de Responsabilidad Social Universitaria (RSU), ni permite",observación,5 - DIRECCION DE INVESTIGACION/OBSERVACIONES UPRIT - DIRECCIÓN DE INVESTIGACIÓN.docx,pendiente,media,False,
60,Dirección de Investigación,Bienestar / RSU,5 - DIRECCION DE INVESTIGACION,"visualizar los principales beneficiarios, aliados o aportes generados por dichos proyectos. Imagen r…","visualizar los principales beneficiarios, aliados o aportes generados por dichos proyectos. Imagen referencial: Imagen 06. Apartado “Investigación con Impacto” de la página web de la Dirección de Investigación. Solución propuesta: Modificar la denominación “Investigación con Impacto” por “INVESTIGACIÓN CON RESPONSABILIDAD SOCIAL UNIVERSITARIA”, orientando este apartado a la identificación y difusión de los proyectos de investigación que contribuyen al desarrollo y atención de necesidades de la sociedad. Asimismo, se propone",observación,5 - DIRECCION DE INVESTIGACION/OBSERVACIONES UPRIT - DIRECCIÓN DE INVESTIGACIÓN.docx,pendiente,media,False,
61,Dirección de Investigación,Menú / Navegación,5 - DIRECCION DE INVESTIGACION,"incorporar una tabla que permita identificar los proyectos vinculados con la RSU, considerando infor…","incorporar una tabla que permita identificar los proyectos vinculados con la RSU, considerando información relevante sobre el proyecto, sus investigadores, línea de investigación, aliados o beneficiarios, estado y producto generado. La tabla propuesta será la siguiente: N° Título del proyecto Investigador principal Coautores Línea de investigación Aliado / Beneficiario Producto 1 “Gestión de la Innovación con Tecnología Financiera en el Crecimiento de la Mypes de Calzado Peruanas” Dra. Olenka Ana Catherine Espinoza Rodríguez Marco Antonio Sevilla Gamarra Mirtha Zulema Armas Chang Luigi Ítalo Villena Zapata Emprendimiento, Gestión Empresarial y Pública, Finanzas, Tributación, Auditoría y Competitividad. Asociación APIAT Software Justificación: La modificación permitirá que la página web visibilice de manera específica la relación entre la investigación y la Responsabilidad Social Universitaria, mostrando aquellos proyectos que, además de generar conocimiento, se encuentran orientados a atender necesidades o problemáticas de la sociedad. Asimismo, la presentación de los proyectos mediante una tabla permitirá identificar de manera clara a los investigadores responsables, las líneas de investigación, los aliados o beneficiarios; y los productos derivados de la investigación. De esta manera, la Dirección de Investigación podrá evidenciar y comunicar el aporte de la actividad investigativa de la UPRIT al desarrollo social, económico y ambiental de su entorno. Nombre sugerido para la sección: INVESTIGACIÓN CON RESPONSABILIDAD SOCIAL UNIVERSITARIA Contenido introductorio sugerido: La Dirección de Investigación promueve proyectos que articulan la generación de conocimiento con la atención de necesidades y problemáticas de la sociedad, contribuyendo al desarrollo sostenible y al fortalecimiento de la Responsabilidad Social Universitaria. Creación de la sección “Columna del Investigador”",observación,5 - DIRECCION DE INVESTIGACION/OBSERVACIONES UPRIT - DIRECCIÓN DE INVESTIGACIÓN.docx,pendiente,media,False,
62,Dirección de Investigación,Menú / Navegación,5 - DIRECCION DE INVESTIGACION,En la página web de la Dirección de Investigación se identifica actualmente un apartado denominado “…,"En la página web de la Dirección de Investigación se identifica actualmente un apartado denominado “Últimas noticias”, el cual presenta información de carácter general. Se considera pertinente orientar este espacio hacia la difusión de contenidos académicos y de opinión elaborados por docentes e investigadores de la Universidad, con la finalidad de visibilizar sus aportes, reflexiones y perspectivas sobre temas relacionados con la investigación, la ciencia, la educación, la innovación y otras áreas de interés académico y social. Imagen referencial: Imagen 07. Apartado “Últimas noticias” ubicado en la página web de la Dirección de Investigación. | Solución propuesta: Modificar la denominación “Últimas noticias” por “Columna del Investigador”, destinando este espacio a la difusión de artículos de opinión, reflexiones y aportes académicos elaborados por docentes e investigadores de la Universidad. Se propone que la presentación de cada publicación siga el siguiente orden: Fotografía del investigador. Nombre completo y grado académico del investigador, ubicado debajo de la fotografía. Título del artículo de opinión, ubicado al costado derecho de la fotografía.",observación,5 - DIRECCION DE INVESTIGACION/OBSERVACIONES UPRIT - DIRECCIÓN DE INVESTIGACIÓN.docx,pendiente,media,False,
63,Dirección de Investigación,Menú / Navegación,5 - DIRECCION DE INVESTIGACION,Incorporar un botón o enlace de “Leer artículo” que redirija al contenido completo. Justificación: L…,"Incorporar un botón o enlace de “Leer artículo” que redirija al contenido completo. Justificación: La creación de la sección “Columna del Investigador” permitirá brindar mayor visibilidad a los docentes e investigadores de la Universidad, reconociendo y difundiendo sus aportes académicos y sus perspectivas sobre temas de interés científico, educativo y social. Asimismo, esta sección contribuirá a fortalecer la presencia de la Dirección de Investigación como un espacio de difusión del conocimiento y permitirá que la comunidad universitaria y el público externo puedan conocer las opiniones, reflexiones y aportes de los investigadores de la UPRIT. Contenido sugerido para la sección: COLUMNA DEL INVESTIGADOR Un espacio para compartir ideas, reflexiones y perspectivas de nuestros docentes e investigadores sobre ciencia, investigación, educación, innovación y temas de interés para la sociedad. [Fotografía del investigador] Dr. Marco Antonio Sevilla Gamarra Director de Investigación Título del artículo de opinión [Leer artículo →] Incorporación de la sección “Eventos y Noticias”",observación,5 - DIRECCION DE INVESTIGACION/OBSERVACIONES UPRIT - DIRECCIÓN DE INVESTIGACIÓN.docx,pendiente,media,False,
64,Dirección de Investigación,Investigación,5 - DIRECCION DE INVESTIGACION,En la nueva estructura de la página web de la Dirección de Investigación no se identifica un espacio…,"En la nueva estructura de la página web de la Dirección de Investigación no se identifica un espacio específico destinado a la difusión organizada de eventos, actividades y noticias relacionadas con investigación. Considerando que la Dirección de Investigación desarrolla y participa en diversas actividades académicas y científicas, se considera pertinente",observación,5 - DIRECCION DE INVESTIGACION/OBSERVACIONES UPRIT - DIRECCIÓN DE INVESTIGACIÓN.docx,pendiente,media,False,
65,Dirección de Investigación,Menú / Navegación,5 - DIRECCION DE INVESTIGACION,incorporar una sección que permita comunicar oportunamente a la comunidad universitaria y al público…,"incorporar una sección que permita comunicar oportunamente a la comunidad universitaria y al público externo información relacionada con capacitaciones, seminarios, talleres, congresos, conferencias, convocatorias, jornadas académicas, actividades de divulgación científica y otras iniciativas vinculadas con la investigación y la innovación. Asimismo, este espacio permitiría concentrar en un solo lugar información de carácter temporal y de interés inmediato, diferenciándola de los contenidos institucionales permanentes y de la sección “Columna del Investigador”. Imagen referencial: Imagen 08. Sección “Noticias y eventos” de la Pontificia Universidad Católica del Perú (PUCP), utilizada como referencia para la organización y presentación de actividades, eventos y contenidos de actualidad vinculados con el ámbito académico y científico. Solución propuesta:",observación,5 - DIRECCION DE INVESTIGACION/OBSERVACIONES UPRIT - DIRECCIÓN DE INVESTIGACIÓN.docx,pendiente,media,False,
66,Dirección de Investigación,Menú / Navegación,5 - DIRECCION DE INVESTIGACION,Incorporar en la página web de la Dirección de Investigación una sección denominada: “EVENTOS Y NOTI…,"Incorporar en la página web de la Dirección de Investigación una sección denominada: “EVENTOS Y NOTICIAS” Este espacio estará destinado a la difusión de actividades, eventos y novedades relacionadas con la investigación, innovación y producción científica de la Universidad. Se propone que las publicaciones puedan organizarse mediante tarjetas o bloques informativos que permitan identificar de manera rápida la naturaleza de cada actividad. Cada publicación podrá",observación,5 - DIRECCION DE INVESTIGACION/OBSERVACIONES UPRIT - DIRECCIÓN DE INVESTIGACIÓN.docx,pendiente,media,False,
67,Dirección de Investigación,Investigación,5 - DIRECCION DE INVESTIGACION,"incorporar, como mínimo, los siguientes elementos: Imagen representativa de la actividad. Categoría …","incorporar, como mínimo, los siguientes elementos: Imagen representativa de la actividad. Categoría o tipo de contenido, por ejemplo: Evento, Noticia, Capacitación, Convocatoria, Congreso, Seminario, Taller o Conferencia. Título de la actividad o noticia. Breve descripción del contenido. Fecha y hora de publicación, cuando corresponda. Lugar o modalidad de realización, indicando si es presencial o virtual. Botón o enlace de “Ver más”, “Más información” o denominación equivalente, que permita acceder al contenido completo o al enlace de inscripción. La sección podrá",observación,5 - DIRECCION DE INVESTIGACION/OBSERVACIONES UPRIT - DIRECCIÓN DE INVESTIGACIÓN.docx,pendiente,media,False,
68,Dirección de Investigación,Menú / Navegación,5 - DIRECCION DE INVESTIGACION,actualizarse periódicamente conforme se desarrollen nuevas actividades y acontecimientos vinculados …,"actualizarse periódicamente conforme se desarrollen nuevas actividades y acontecimientos vinculados con la investigación institucional. Justificación: La incorporación de la sección “Eventos y Noticias” permitirá fortalecer la difusión de las actividades académicas y científicas promovidas o vinculadas con la Dirección de Investigación, facilitando que docentes, estudiantes, investigadores y visitantes externos conozcan oportunamente las oportunidades de participación disponibles. Asimismo, este espacio contribuirá a mejorar la comunicación institucional, al concentrar en una sección específica información sobre capacitaciones, congresos, seminarios, talleres, conferencias, convocatorias y otras actividades relacionadas con investigación e innovación. De igual manera, permitirá mantener la página web actualizada y dinámica, mostrando no solo información institucional permanente, sino también las actividades que se desarrollan de manera continua en el ámbito de la investigación universitaria. Contenido sugerido para la sección: EVENTOS Y NOTICIAS Espacio destinado a difundir actividades, eventos y novedades relacionadas con la investigación, innovación y producción científica de la UPRIT. [Imagen del evento o noticia] EVENTO | CAPACITACIÓN Título de la actividad Breve descripción de la actividad o contenido de interés. Fecha: 20/08/2026 Modalidad: Presencial / Virtual Lugar: [Lugar de realización] [Ver más →] Ejemplos de contenidos que podrán difundirse: Capacitaciones y talleres de investigación. Seminarios y conferencias científicas. Congresos y encuentros académicos. Convocatorias para proyectos de investigación. Convocatorias para publicaciones científicas. Jornadas y actividades de divulgación científica. Presentaciones o difusión de resultados de investigación. Reconocimientos y logros vinculados con investigación. Otras actividades académicas y científicas de interés institucional. OBSERVACIONES DE LA PAGINA “CENTRO DE INVESTIGACIÓN” Actualización del título y contenido de presentación de los Centro de Investigación",observación,5 - DIRECCION DE INVESTIGACION/OBSERVACIONES UPRIT - DIRECCIÓN DE INVESTIGACIÓN.docx,pendiente,media,False,
69,Dirección de Investigación,Página principal / Home,5 - DIRECCION DE INVESTIGACION,"En el apartado correspondiente a “Centro de Investigación” de la página web institucional, se presen…","En el apartado correspondiente a “Centro de Investigación” de la página web institucional, se presenta actualmente el título “Soluciones innovadoras para el mundo real”, acompañado de un texto introductorio de carácter general. El contenido actual no permite reflejar de manera precisa la naturaleza y finalidad de los Centros de Investigación de la UPRIT, debido a que no destaca aspectos fundamentales como la investigación científica, la generación de conocimiento, la producción científica, la colaboración interdisciplinaria y la contribución de la investigación al desarrollo de la sociedad. Imagen referencial: Imagen 09. Título y texto introductorio actualmente presentados en el apartado “Centros de Investigación” de la página web institucional. Solución de la propuesta:",observación,5 - DIRECCION DE INVESTIGACION/OBSERVACIONES UPRIT - DIRECCIÓN DE INVESTIGACIÓN.docx,pendiente,media,False,
70,Dirección de Investigación,Menú / Navegación,5 - DIRECCION DE INVESTIGACION,Reemplazar el título “Soluciones innovadoras para el mundo real” por: Generando conocimiento para el…,"Reemplazar el título “Soluciones innovadoras para el mundo real” por: Generando conocimiento para el desarrollo left278130El Centro de Investigación de la UPRIT impulsa la investigación científica, la innovación y la colaboración interdisciplinaria para generar conocimiento de calidad, fortalecer la producción científica y desarrollar soluciones que contribuyan al progreso de la sociedad y al desarrollo sostenible. 00El Centro de Investigación de la UPRIT impulsa la investigación científica, la innovación y la colaboración interdisciplinaria para generar conocimiento de calidad, fortalecer la producción científica y desarrollar soluciones que contribuyan al progreso de la sociedad y al desarrollo sostenible. Asimismo,",observación,5 - DIRECCION DE INVESTIGACION/OBSERVACIONES UPRIT - DIRECCIÓN DE INVESTIGACIÓN.docx,pendiente,media,False,
71,Dirección de Investigación,Investigación,5 - DIRECCION DE INVESTIGACION,reemplazar el texto introductorio actual por el siguiente contenido: Justificación: La actualización…,"reemplazar el texto introductorio actual por el siguiente contenido: Justificación: La actualización del título y del contenido permitirá que el apartado de “Centro de Investigación” presente una descripción más acorde con la naturaleza académica y científica de estos espacios. Asimismo, el nuevo contenido permitirá destacar el papel del Centro de Investigación en la generación de conocimiento, el fortalecimiento de la producción científica, la investigación interdisciplinaria y la búsqueda de soluciones que contribuyan al desarrollo de la sociedad y a la sostenibilidad. De esta manera, la presentación del Centro de Investigación tendrá un enfoque institucional y académico más claro, permitiendo que docentes, estudiantes, investigadores y visitantes externos comprendan su finalidad y contribución dentro de la Universidad. Actualización de los principios del Centro de Investigación",observación,5 - DIRECCION DE INVESTIGACION/OBSERVACIONES UPRIT - DIRECCIÓN DE INVESTIGACIÓN.docx,pendiente,media,False,
72,Dirección de Investigación,Página principal / Home,5 - DIRECCION DE INVESTIGACION,"En el apartado correspondiente a “Centro de Investigación” de la página web institucional, se presen…","En el apartado correspondiente a “Centro de Investigación” de la página web institucional, se presenta actualmente un bloque denominado “Nuestros principios de investigación”, en el cual se muestran los siguientes contenidos: Integración de Saberes Impacto Real Mejora Continua Los contenidos actualmente presentados tienen un carácter general y no permiten identificar de manera suficiente los principios que orientan el desarrollo de las actividades de investigación en los Centros de Investigación de la UPRIT. En ese sentido, se considera pertinente",observación,5 - DIRECCION DE INVESTIGACION/OBSERVACIONES UPRIT - DIRECCIÓN DE INVESTIGACIÓN.docx,pendiente,media,False,
73,Dirección de Investigación,Investigación,5 - DIRECCION DE INVESTIGACION,reemplazar los principios actuales por un conjunto de principios que reflejen de manera más específi…,"reemplazar los principios actuales por un conjunto de principios que reflejen de manera más específica los fundamentos científicos, éticos, interdisciplinarios, sociales y de calidad que deben orientar la investigación desarrollada en los Centros de Investigación. Imagen referencial: Imagen 10. Apartado “Nuestros principios de investigación” de la sección “Centro de Investigación”, donde se visualizan actualmente los principios “Integración de Saberes”, “Impacto Real” y “Mejora Continua”. Solución propuesta:",observación,5 - DIRECCION DE INVESTIGACION/OBSERVACIONES UPRIT - DIRECCIÓN DE INVESTIGACIÓN.docx,pendiente,media,False,
74,Dirección de Investigación,Menú / Navegación,5 - DIRECCION DE INVESTIGACION,Reemplazar los principios actualmente presentados por los siguientes principios del Centro de Invest…,"Reemplazar los principios actualmente presentados por los siguientes principios del Centro de Investigación, incorporando cada uno con su respectiva descripción: Integridad Científica Promovemos una investigación fundamentada en la honestidad, la ética, la transparencia y el rigor metodológico, garantizando la confiabilidad y credibilidad de los resultados científicos. Innovación y Transferencia del Conocimiento Impulsamos la generación de conocimiento, el desarrollo de soluciones innovadoras y la transferencia de los resultados de investigación para contribuir al desarrollo científico, tecnológico y social. Interdisciplinariedad Fomentamos la integración de diversas disciplinas y el trabajo colaborativo para abordar problemas complejos desde una perspectiva integral y generar soluciones con mayor impacto. Responsabilidad Social Universitaria Orientamos la investigación hacia la atención de las necesidades de la sociedad, promoviendo proyectos que generen impacto social, ambiental y económico, en concordancia con los principios del desarrollo sostenible. Sostenibilidad Promovemos investigaciones que contribuyan al desarrollo sostenible mediante la generación de conocimiento orientado a la preservación del ambiente, el bienestar social y el crecimiento económico responsable. Acceso y Difusión del Conocimiento Promovemos la publicación, divulgación y transferencia del conocimiento científico, facilitando el acceso a los resultados de investigación para la comunidad académica, el sector productivo y la sociedad. Compromiso con la Calidad Impulsamos la mejora continua de los procesos de investigación mediante el cumplimiento de estándares nacionales e internacionales de calidad, fomentando la excelencia científica y la producción de conocimiento de alto impacto. Justificación: La actualización permitirá que los principios presentados",observación,5 - DIRECCION DE INVESTIGACION/OBSERVACIONES UPRIT - DIRECCIÓN DE INVESTIGACIÓN.docx,pendiente,media,False,
75,Dirección de Investigación,Menú / Navegación,5 - DIRECCION DE INVESTIGACION,en la sección “Centro de Investigación” guarden mayor correspondencia con la naturaleza y finalidad …,"en la sección “Centro de Investigación” guarden mayor correspondencia con la naturaleza y finalidad de estos espacios, resaltando aspectos fundamentales como la integridad científica, la innovación, la interdisciplinariedad, la responsabilidad social universitaria, la sostenibilidad, la difusión del conocimiento y el compromiso con la calidad. Asimismo, la incorporación de una descripción para cada principio permitirá que los usuarios de la página web comprendan de manera clara los valores y criterios que orientan la actividad investigativa desarrollada en el Centro de Investigación de la UPRIT. De esta manera, el contenido contribuirá a fortalecer la identidad institucional del Centro de Investigación y a comunicar de forma más precisa su compromiso con la generación y difusión de conocimiento científico de calidad. Incorporación de categorías de investigación presentes en la página web anterior",observación,5 - DIRECCION DE INVESTIGACION/OBSERVACIONES UPRIT - DIRECCIÓN DE INVESTIGACIÓN.docx,pendiente,media,False,
76,Dirección de Investigación,Menú / Navegación,5 - DIRECCION DE INVESTIGACION,"En la nueva estructura de la página web institucional, dentro del menú “Investigación”, se observa u…","En la nueva estructura de la página web institucional, dentro del menú “Investigación”, se observa una reducción de las categorías y contenidos que anteriormente se encontraban disponibles en la página web institucional. Entre los contenidos que se encontraban en la página anterior y que actualmente no se visualizan en la nueva estructura se identifican categorías relacionadas con la difusión de la producción científica, publicaciones, vinculación y aspectos de ética en investigación. Considerando que estos contenidos forman parte de las actividades y servicios relacionados con la investigación institucional, se considera pertinente evaluar su incorporación en la nueva estructura del menú “Investigación”, manteniendo su accesibilidad para docentes, estudiantes, investigadores y usuarios externos. Imagen referencial: Imagen 11. Categorías y contenidos relacionados con investigación disponibles en la página web institucional anterior y que no se visualizan actualmente en la nueva estructura del menú “Investigación”.",observación,5 - DIRECCION DE INVESTIGACION/OBSERVACIONES UPRIT - DIRECCIÓN DE INVESTIGACIÓN.docx,pendiente,media,False,
77,Dirección de Investigación,Menú / Navegación,5 - DIRECCION DE INVESTIGACION,Incorporar dentro del menú “Investigación” de la nueva página web las categorías o contenidos relaci…,"Incorporar dentro del menú “Investigación” de la nueva página web las categorías o contenidos relacionados con investigación que se encontraban disponibles en la página web anterior, considerando, entre otros, los siguientes: Revista Científica UPRIT: Revista Científica UPRIT Un espacio para compartir conocimiento y promover la investigación científica La Revista Científica Gestión y Tecnología es una publicación académica orientada a la difusión de investigaciones originales, de revisión y ensayos científicos que contribuyen al desarrollo del conocimiento en diversas áreas. La revista promueve y fomenta el intercambio científico y la colaboración académica. A través de la publicación de investigaciones rigurosas y de calidad, la revista busca fortalecer la producción científica, visibilizar el conocimiento generado y contribuir al debate académico frente a los desafíos actuales de la sociedad. ¿Tienes una investigación que deseas",observación,5 - DIRECCION DE INVESTIGACION/OBSERVACIONES UPRIT - DIRECCIÓN DE INVESTIGACIÓN.docx,pendiente,media,False,
78,Dirección de Investigación,Investigación,5 - DIRECCION DE INVESTIGACION,"publicar? Invitamos a docentes, investigadores, estudiantes y autores nacionales e internacionales a…","publicar? Invitamos a docentes, investigadores, estudiantes y autores nacionales e internacionales a presentar sus manuscritos y participar del proceso de evaluación y publicación. Publica tu investigación. Comparte conocimiento. Contribuye a la ciencia. Contáctanos (link) (https://revista.uprit.edu.pe/index.php/revistagestionytecnologia/index) Vinculación con empresas, en reemplazo de la denominación “Servicios para empresas” (el contenido actual en la pagina web continuará al implementar a la nueva página) Repositorio de publicaciones Denuncias éticas en la investigación Estas categorías podrían",observación,5 - DIRECCION DE INVESTIGACION/OBSERVACIONES UPRIT - DIRECCIÓN DE INVESTIGACIÓN.docx,pendiente,media,False,
79,Dirección de Investigación,Menú / Navegación,5 - DIRECCION DE INVESTIGACION,"incorporarse como subapartados del menú “Investigación”, junto con las secciones correspondientes a …","incorporarse como subapartados del menú “Investigación”, junto con las secciones correspondientes a Dirección de Investigación, Centros de Investigación y demás componentes relacionados con la actividad investigativa institucional. En el caso de “Denuncias éticas en la investigación”, se propone además",observación,5 - DIRECCION DE INVESTIGACION/OBSERVACIONES UPRIT - DIRECCIÓN DE INVESTIGACIÓN.docx,pendiente,media,False,
80,Dirección de Investigación,Menú / Navegación,5 - DIRECCION DE INVESTIGACION,incorporar el Código de Ética en Investigación correspondiente y un medio de contacto que permita vi…,"incorporar el Código de Ética en Investigación correspondiente y un medio de contacto que permita vincular directamente con el número corporativo de la Dirección de Investigación, a fin de facilitar la orientación y comunicación relacionada con aspectos éticos de la actividad investigativa. Justificación: La reincorporación de estas categorías permitirá conservar y recuperar contenidos institucionales relacionados con la investigación que se encontraban disponibles en la página web anterior, evitando que información de interés para la comunidad universitaria y usuarios externos deje de estar visible o accesible con la actualización de la página web. Asimismo, su incorporación dentro del menú “Investigación” permitirá organizar de manera integral los principales componentes de la actividad investigativa de la UPRIT, facilitando el acceso a información relacionada con publicaciones, producción científica, vinculación, repositorio y ética en investigación. De esta manera, el menú “Investigación” podrá constituirse en un espacio integral que reúna los diferentes servicios, recursos, contenidos y unidades vinculadas con la actividad investigativa de la Universidad. Estructura sugerida para el menú “INVESTIGACIÓN”: Dirección de Investigación Centros de Investigación Revista Científica UPRIT Vinculación con empresas Repositorio de publicaciones Denuncias éticas en la investigación",observación,5 - DIRECCION DE INVESTIGACION/OBSERVACIONES UPRIT - DIRECCIÓN DE INVESTIGACIÓN.docx,pendiente,media,False,
81,Enrique Boy (Ingeniería),Carrera / Programa académico,6 - ENRIQUE BOY,DESCRIPCION DE LA PAGINA WEB – INGENIERIA INDUSTRIAL (programa puede ):,DESCRIPCION DE LA PAGINA WEB – INGENIERIA INDUSTRIAL (programa puede ):,observación,6 - ENRIQUE BOY/MEJORAS - VIRTUAL.docx,pendiente,media,False,
82,Enrique Boy (Ingeniería),Carrera / Programa académico,6 - ENRIQUE BOY,"La carrera de Ingeniería Industrial en la UPRIT forma profesionales capacitados para diseñar, gestio…","La carrera de Ingeniería Industrial en la UPRIT forma profesionales capacitados para diseñar, gestionar y optimizar procesos productivos y organizacionales. El programa integra conocimientos en producción, calidad, logística, seguridad, gestión empresarial y tecnologías aplicadas, orientados a mejorar la productividad, optimizar recursos y contribuir al desarrollo sostenible de las organizaciones. - Campo laboral",observación,6 - ENRIQUE BOY/MEJORAS - VIRTUAL.docx,pendiente,media,False,
83,Enrique Boy (Ingeniería),Carrera / Programa académico,6 - ENRIQUE BOY,"La carrera de Ingeniería Industrial en la UPRIT forma profesionales capacitados para diseñar, gestio…","La carrera de Ingeniería Industrial en la UPRIT forma profesionales capacitados para diseñar, gestionar y optimizar procesos productivos y organizacionales. El programa integra conocimientos en producción, calidad, logística, seguridad, gestión empresarial y tecnologías aplicadas, orientados a mejorar la productividad, optimizar recursos y contribuir al desarrollo sostenible de las organizaciones. - Campo laboral",observación,6 - ENRIQUE BOY/mejoras.docx,pendiente,media,True,82
84,Enrique Boy (Ingeniería),Carrera / Programa académico,6 - ENRIQUE BOY,El egresado de Ingeniería Industrial podrá desempeñarse en organizaciones públicas y privadas en áre…,El egresado de Ingeniería Industrial podrá desempeñarse en organizaciones públicas y privadas en áreas como:,observación,6 - ENRIQUE BOY/MEJORAS - VIRTUAL.docx,pendiente,media,False,
85,Enrique Boy (Ingeniería),Carrera / Programa académico,6 - ENRIQUE BOY,El egresado de Ingeniería Industrial podrá desempeñarse en organizaciones públicas y privadas en áre…,El egresado de Ingeniería Industrial podrá desempeñarse en organizaciones públicas y privadas en áreas como:,observación,6 - ENRIQUE BOY/mejoras.docx,pendiente,media,True,84
86,Enrique Boy (Ingeniería),Carrera / Programa académico,6 - ENRIQUE BOY,Ingeniero de Procesos Jefe de Producción y Operaciones Especialista en Logística y Cadena de Suminis…,"Ingeniero de Procesos Jefe de Producción y Operaciones Especialista en Logística y Cadena de Suministro Especialista en Gestión de la Calidad Especialista en Seguridad y Salud en el Trabajo Analista de Planeamiento y Mejora Continua Analista de Datos para la Toma de Decisiones Gestor de Proyectos Consultor en Optimización de Procesos Emprendedor y Gestor de Negocios Industriales - La Ingeniería Industrial integra procesos, personas, tecnología y recursos para mejorar la productividad, la calidad y la eficiencia de las organizaciones. - Sí. La carrera también se ofrece en modalidad a distancia, brindando mayor flexibilidad para organizar los estudios y compatibilizarlos con otras actividades.",observación,6 - ENRIQUE BOY/MEJORAS - VIRTUAL.docx,pendiente,media,False,
87,Enrique Boy (Ingeniería),Carrera / Programa académico,6 - ENRIQUE BOY,Ingeniero de Procesos Jefe de Producción y Operaciones Especialista en Logística y Cadena de Suminis…,"Ingeniero de Procesos Jefe de Producción y Operaciones Especialista en Logística y Cadena de Suministro Especialista en Gestión de la Calidad Especialista en Seguridad y Salud en el Trabajo Analista de Planeamiento y Mejora Continua Analista de Datos para la Toma de Decisiones Gestor de Proyectos Consultor en Optimización de Procesos Emprendedor y Gestor de Negocios Industriales - La Ingeniería Industrial integra procesos, personas, tecnología y recursos para mejorar la productividad, la calidad y la eficiencia de las organizaciones. - Sí. La carrera también se ofrece en modalidad a distancia, brindando mayor flexibilidad para organizar los estudios y compatibilizarlos con otras actividades.",observación,6 - ENRIQUE BOY/mejoras.docx,pendiente,media,True,86
88,Enrique Boy (Ingeniería),General,6 - ENRIQUE BOY,CORREGIR: ¿El título es válido internacionalmente? // LAS TILDES Y CAMBIAR POR LA PREGUNTA:,CORREGIR: ¿El título es válido internacionalmente? // LAS TILDES Y CAMBIAR POR LA PREGUNTA:,observación,6 - ENRIQUE BOY/MEJORAS - VIRTUAL.docx,pendiente,media,False,
89,Enrique Boy (Ingeniería),General,6 - ENRIQUE BOY,CORREGIR: ¿El título es válido internacionalmente? // LAS TILDES Y CAMBIAR POR LA PREGUNTA:,CORREGIR: ¿El título es válido internacionalmente? // LAS TILDES Y CAMBIAR POR LA PREGUNTA:,observación,6 - ENRIQUE BOY/mejoras.docx,pendiente,media,True,88
90,Enrique Boy (Ingeniería),General,6 - ENRIQUE BOY,¿El título tiene validez internacional?,¿El título tiene validez internacional?,observación,6 - ENRIQUE BOY/MEJORAS - VIRTUAL.docx,pendiente,media,False,
91,Enrique Boy (Ingeniería),General,6 - ENRIQUE BOY,¿El título tiene validez internacional?,¿El título tiene validez internacional?,observación,6 - ENRIQUE BOY/mejoras.docx,pendiente,media,True,90
92,Enrique Boy (Ingeniería),Menú / Navegación,6 - ENRIQUE BOY,¿La carrera incorpora un enfoque de sostenibilidad? Sí. El plan de estudios incorpora criterios de s…,"¿La carrera incorpora un enfoque de sostenibilidad? Sí. El plan de estudios incorpora criterios de sostenibilidad y gestión ambiental, mediante asignaturas como Ecología e Impacto Ambiental. - Sí. Puedes solicitar la convalidación de asignaturas cursadas en una institución de educación superior reconocida o licenciada por la SUNEDU, según corresponda. La convalidación está sujeta a la evaluación de contenidos, créditos y horas académicas, de acuerdo con la normativa y los procedimientos establecidos por la UPRIT. - Sí. Las clases se desarrollan en vivo de manera sincrónica y quedan grabadas en el aula virtual, permitiendo que los estudiantes puedan revisarlas posteriormente. - Ms. Enrique Jannier Boy Vasquez Docente Coordinador enrique.boy@uprit.edu.pe Ingeniería Cuenta con trayectoria académica y profesional en ingeniería industrial, gestión empresarial, investigación e innovación. Es Ingeniero Industrial, con Maestría en Administración de Negocios y doctorando en Ciencias e Ingeniería. Actualmente, coordina las carreras de Ingeniería Industrial e Ingeniería de Sistemas e Inteligencia Artificial, y posee experiencia docente universitaria. Es autor y coautor de libros y publicaciones científicas, incluyendo un artículo Q1 vinculado con teledetección e inteligencia artificial. Sus investigaciones abarcan gestión empresarial, innovación tecnológica y seguridad y salud ocupacional. Asimismo, se desempeña como Gerente General de CALCIEMSA E.I.R.L. e INVESTIMAS S.A.C., y cuenta con experiencia como ponente en el Colegio de Ingenieros del Perú y como campeón regional de oratoria del Foro de Oradores del Perú. - Dr. Haniel Solis Muñoz Docente haniel.solis@uprit.edu.pe Cuenta con una sólida formación académica y profesional en los campos de la ingeniería química, la ingeniería ambiental, la bioinnovación y la sostenibilidad. Obtuvo el título profesional de Ingeniero Químico y posteriormente fortaleció su formación de posgrado mediante estudios de Maestría y Doctorado en Ingeniería Química Ambiental. Complementando su preparación académica, cuenta con un Diplomado en Tecnología de la Información e Inteligencia Artificial por la Universidad Internacional de La Rioja (UNIR), España, incorporando conocimientos relacionados con las nuevas tecnologías y su aplicación en ámbitos científicos y profesionales. Se ha especializado en biofertilizantes y energías renovables, áreas en las que desarrolla actividades vinculadas con la investigación, innovación y aplicación de soluciones sostenibles. Asimismo, se desempeña como consultor en bioinnovación y sostenibilidad ambiental, participando en iniciativas orientadas al aprovechamiento responsable de los recursos y al desarrollo de alternativas tecnológicas con enfoque ambiental. Su trayectoria en investigación se encuentra respaldada por su reconocimiento como Investigador RENACYT Nivel V, evidenciando su participación y producción en actividades de investigación científica, desarrollo tecnológico e innovación. Docente fiorella.espinoza@uprit.edu.pe Máster en Recursos Humanos y Licenciada en Psicología Organizacional. Certificada en Gestión del Talento por ESAN y en Comunicación Interna por la Universidad del Pacífico. Experiencia en roles estratégicos en empresas multinacionales de diversos sectores. Fundadora de ioCLC, el primer Centro de Liderazgo Creativo del Perú. Su trayectoria incluye haberse desempeñado como Jefe de Gestión del Talento en GrupoRPP y Human Resources Business Partner en Textil del Valle, empresa que fabrica para marcas como Lacoste, Ralph Lauren, The North Face. Además, lideró el área de Gestión del Talento en dos de las 50 compañías del Grupo Ultramar, transnacional con operaciones en más de 16 países. También ocupó un papel clave como responsable del área de Capacitación y Desarrollo en Camposol, multinacional con más de 25,000 empleados en campaña alta y operaciones en Estados Unidos, Europa y Asia.",observación,6 - ENRIQUE BOY/MEJORAS - VIRTUAL.docx,pendiente,media,False,
93,Enrique Boy (Ingeniería),Menú / Navegación,6 - ENRIQUE BOY,¿La carrera incorpora un enfoque de sostenibilidad? Sí. El plan de estudios incorpora criterios de s…,"¿La carrera incorpora un enfoque de sostenibilidad? Sí. El plan de estudios incorpora criterios de sostenibilidad y gestión ambiental, mediante asignaturas como Ecología e Impacto Ambiental. - Sí. Puedes solicitar la convalidación de asignaturas cursadas en una institución de educación superior reconocida o licenciada por la SUNEDU, según corresponda. La convalidación está sujeta a la evaluación de contenidos, créditos y horas académicas, de acuerdo con la normativa y los procedimientos establecidos por la UPRIT. - Sí. Las clases se desarrollan en vivo de manera sincrónica y quedan grabadas en el aula virtual, permitiendo que los estudiantes puedan revisarlas posteriormente. - Ms. Enrique Jannier Boy Vasquez Docente Coordinador enrique.boy@uprit.edu.pe Ingeniería Cuenta con trayectoria académica y profesional en ingeniería industrial, gestión empresarial, investigación e innovación. Es Ingeniero Industrial, con Maestría en Administración de Negocios y doctorando en Ciencias e Ingeniería. Actualmente, coordina las carreras de Ingeniería Industrial e Ingeniería de Sistemas e Inteligencia Artificial, y posee experiencia docente universitaria. Es autor y coautor de libros y publicaciones científicas, incluyendo un artículo Q1 vinculado con teledetección e inteligencia artificial. Sus investigaciones abarcan gestión empresarial, innovación tecnológica y seguridad y salud ocupacional. Asimismo, se desempeña como Gerente General de CALCIEMSA E.I.R.L. e INVESTIMAS S.A.C., y cuenta con experiencia como ponente en el Colegio de Ingenieros del Perú y como campeón regional de oratoria del Foro de Oradores del Perú. - Dr. Haniel Solis Muñoz Docente haniel.solis@uprit.edu.pe Cuenta con una sólida formación académica y profesional en los campos de la ingeniería química, la ingeniería ambiental, la bioinnovación y la sostenibilidad. Obtuvo el título profesional de Ingeniero Químico y posteriormente fortaleció su formación de posgrado mediante estudios de Maestría y Doctorado en Ingeniería Química Ambiental. Complementando su preparación académica, cuenta con un Diplomado en Tecnología de la Información e Inteligencia Artificial por la Universidad Internacional de La Rioja (UNIR), España, incorporando conocimientos relacionados con las nuevas tecnologías y su aplicación en ámbitos científicos y profesionales. Se ha especializado en biofertilizantes y energías renovables, áreas en las que desarrolla actividades vinculadas con la investigación, innovación y aplicación de soluciones sostenibles. Asimismo, se desempeña como consultor en bioinnovación y sostenibilidad ambiental, participando en iniciativas orientadas al aprovechamiento responsable de los recursos y al desarrollo de alternativas tecnológicas con enfoque ambiental. Su trayectoria en investigación se encuentra respaldada por su reconocimiento como Investigador RENACYT Nivel V, evidenciando su participación y producción en actividades de investigación científica, desarrollo tecnológico e innovación. Docente fiorella.espinoza@uprit.edu.pe Máster en Recursos Humanos y Licenciada en Psicología Organizacional. Certificada en Gestión del Talento por ESAN y en Comunicación Interna por la Universidad del Pacífico. Experiencia en roles estratégicos en empresas multinacionales de diversos sectores. Fundadora de ioCLC, el primer Centro de Liderazgo Creativo del Perú. Su trayectoria incluye haberse desempeñado como Jefe de Gestión del Talento en GrupoRPP y Human Resources Business Partner en Textil del Valle, empresa que fabrica para marcas como Lacoste, Ralph Lauren, The North Face. Además, lideró el área de Gestión del Talento en dos de las 50 compañías del Grupo Ultramar, transnacional con operaciones en más de 16 países. También ocupó un papel clave como responsable del área de Capacitación y Desarrollo en Camposol, multinacional con más de 25,000 empleados en campaña alta y operaciones en Estados Unidos, Europa y Asia.",observación,6 - ENRIQUE BOY/mejoras.docx,pendiente,media,True,92
94,Enrique Boy (Ingeniería),Menú / Navegación,6 - ENRIQUE BOY,Ms. Enrique Jannier Boy Vasquez Docente Coordinador enrique.boy@uprit.edu.pe Ingeniería Cuenta con t…,"Ms. Enrique Jannier Boy Vasquez Docente Coordinador enrique.boy@uprit.edu.pe Ingeniería Cuenta con trayectoria académica y profesional en ingeniería industrial, gestión empresarial, investigación e innovación. Es Ingeniero Industrial, con Maestría en Administración de Negocios y doctorando en Ciencias e Ingeniería. Actualmente, coordina las carreras de Ingeniería Industrial e Ingeniería de Sistemas e Inteligencia Artificial, y posee experiencia docente universitaria. Es autor y coautor de libros y publicaciones científicas, incluyendo un artículo Q1 vinculado con teledetección e inteligencia artificial. Sus investigaciones abarcan gestión empresarial, innovación tecnológica y seguridad y salud ocupacional. Asimismo, se desempeña como Gerente General de CALCIEMSA E.I.R.L. e INVESTIMAS S.A.C., y cuenta con experiencia como ponente en el Colegio de Charlen Calero Huamán Docente charlen.calero@gmail.com Cuenta con una sólida trayectoria en ingeniería industrial, tecnologías de la información e innovación. Es Ingeniero Industrial, con Maestría en Ingeniería de Sistemas con mención en Tecnologías de la Información e Investigador RENACYT Nivel VI, especializado en desarrollo tecnológico, transformación digital y propiedad intelectual. Su experiencia se centra en Inteligencia Artificial, Automatización Industrial 4.0, Internet de las Cosas (IoT), robótica y fabricación digital. Es miembro de IEEE y participa activamente en investigación, docencia y desarrollo de soluciones tecnológicas aplicadas a la industria y la sociedad. Ha sido ponente internacional en Perú, Colombia, México y Tailandia, y cuenta con reconocimientos en competencias de innovación nacionales e internacionales organizadas por Huawei, UNI, Hack4edu y Robotifest, entre otras. Su perfil integra investigación, innovación y transferencia tecnológica orientadas a generar soluciones de impacto. Dr. JOSE ARTURO DIAZ PULIDO Docente Jose.diaz@uprit.edu.pe Cuenta con una sólida formación académica y profesional en ingeniería informática, tecnologías de la información, investigación y docencia universitaria. Es Ingeniero Informático por la Universidad Nacional de Trujillo, cuenta con una Segunda Especialidad en Tecnología e Informática Educativa, dos grados de maestría en Educación e Ingeniería Informática y de Sistemas, y es Doctor en Ingeniería de Sistemas e Informática. Es autor de diversos libros especializados en programación, algoritmos, redes, UML, marketing electrónico y tecnologías digitales. Asimismo, es Investigador RENACYT, fundador y creador de la revista científica Technologica, además de desarrollador de software. Cuenta con amplia experiencia como docente universitario en diferentes universidades del país, así como asesor y consultor empresarial en tecnologías de la información, integrando investigación, desarrollo tecnológico y transformación digital.",observación,6 - ENRIQUE BOY/mejoras a la pagina.docx,pendiente,media,False,
95,Enrique Boy (Ingeniería),General,6 - ENRIQUE BOY,Ms. Enrique Jannier Boy Vasquez,Ms. Enrique Jannier Boy Vasquez,observación,6 - ENRIQUE BOY/mejoras a la pagina.docx,pendiente,media,False,
96,Enrique Boy (Ingeniería),General,6 - ENRIQUE BOY,enrique.boy@uprit.edu.pe Ingeniería,enrique.boy@uprit.edu.pe Ingeniería,observación,6 - ENRIQUE BOY/mejoras a la pagina.docx,pendiente,media,False,
97,Enrique Boy (Ingeniería),Menú / Navegación,6 - ENRIQUE BOY,"Cuenta con trayectoria académica y profesional en ingeniería industrial, gestión empresarial, invest…","Cuenta con trayectoria académica y profesional en ingeniería industrial, gestión empresarial, investigación e innovación. Es Ingeniero Industrial, con Maestría en Administración de Negocios y doctorando en Ciencias e Ingeniería. Actualmente, coordina las carreras de Ingeniería Industrial e Ingeniería de Sistemas e Inteligencia Artificial, y posee experiencia docente universitaria.",observación,6 - ENRIQUE BOY/mejoras a la pagina.docx,pendiente,media,False,
98,Enrique Boy (Ingeniería),Menú / Navegación,6 - ENRIQUE BOY,"Es autor y coautor de libros y publicaciones científicas, incluyendo un artículo Q1 vinculado con te…","Es autor y coautor de libros y publicaciones científicas, incluyendo un artículo Q1 vinculado con teledetección e inteligencia artificial. Sus investigaciones abarcan gestión empresarial, innovación tecnológica y seguridad y salud ocupacional.",observación,6 - ENRIQUE BOY/mejoras a la pagina.docx,pendiente,media,False,
99,Enrique Boy (Ingeniería),General,6 - ENRIQUE BOY,"Asimismo, se desempeña como Gerente General de CALCIEMSA E.I.R.L. e INVESTIMAS S.A.C., y cuenta con …","Asimismo, se desempeña como Gerente General de CALCIEMSA E.I.R.L. e INVESTIMAS S.A.C., y cuenta con experiencia como ponente en el Colegio de",observación,6 - ENRIQUE BOY/mejoras a la pagina.docx,pendiente,media,False,
100,Enrique Boy (Ingeniería),General,6 - ENRIQUE BOY,Charlen Calero Huamán,Charlen Calero Huamán,observación,6 - ENRIQUE BOY/mejoras a la pagina.docx,pendiente,media,False,
101,Enrique Boy (Ingeniería),General,6 - ENRIQUE BOY,charlen.calero@gmail.com,charlen.calero@gmail.com,observación,6 - ENRIQUE BOY/mejoras a la pagina.docx,pendiente,media,False,
102,Enrique Boy (Ingeniería),Menú / Navegación,6 - ENRIQUE BOY,"Cuenta con una sólida trayectoria en ingeniería industrial, tecnologías de la información e innovaci…","Cuenta con una sólida trayectoria en ingeniería industrial, tecnologías de la información e innovación. Es Ingeniero Industrial, con Maestría en Ingeniería de Sistemas con mención en Tecnologías de la Información e Investigador RENACYT Nivel VI, especializado en desarrollo tecnológico, transformación digital y propiedad intelectual.",observación,6 - ENRIQUE BOY/mejoras a la pagina.docx,pendiente,media,False,
103,Enrique Boy (Ingeniería),Investigación,6 - ENRIQUE BOY,"Su experiencia se centra en Inteligencia Artificial, Automatización Industrial 4.0, Internet de las …","Su experiencia se centra en Inteligencia Artificial, Automatización Industrial 4.0, Internet de las Cosas (IoT), robótica y fabricación digital. Es miembro de IEEE y participa activamente en investigación, docencia y desarrollo de soluciones tecnológicas aplicadas a la industria y la sociedad.",observación,6 - ENRIQUE BOY/mejoras a la pagina.docx,pendiente,media,False,
104,Enrique Boy (Ingeniería),Menú / Navegación,6 - ENRIQUE BOY,"Ha sido ponente internacional en Perú, Colombia, México y Tailandia, y cuenta con reconocimientos en…","Ha sido ponente internacional en Perú, Colombia, México y Tailandia, y cuenta con reconocimientos en competencias de innovación nacionales e internacionales organizadas por Huawei, UNI, Hack4edu y Robotifest, entre otras. Su perfil integra investigación, innovación y transferencia tecnológica orientadas a generar soluciones de impacto.",observación,6 - ENRIQUE BOY/mejoras a la pagina.docx,pendiente,media,False,
105,Enrique Boy (Ingeniería),General,6 - ENRIQUE BOY,Dr. JOSE ARTURO DIAZ PULIDO,Dr. JOSE ARTURO DIAZ PULIDO,observación,6 - ENRIQUE BOY/mejoras a la pagina.docx,pendiente,media,False,
106,Enrique Boy (Ingeniería),General,6 - ENRIQUE BOY,Jose.diaz@uprit.edu.pe,Jose.diaz@uprit.edu.pe,observación,6 - ENRIQUE BOY/mejoras a la pagina.docx,pendiente,media,False,
107,Enrique Boy (Ingeniería),Investigación,6 - ENRIQUE BOY,"Cuenta con una sólida formación académica y profesional en ingeniería informática, tecnologías de la…","Cuenta con una sólida formación académica y profesional en ingeniería informática, tecnologías de la información, investigación y docencia universitaria. Es Ingeniero Informático por la Universidad Nacional de Trujillo, cuenta con una Segunda Especialidad en Tecnología e Informática Educativa, dos grados de maestría en Educación e Ingeniería Informática y de Sistemas, y es Doctor en Ingeniería de Sistemas e Informática.",observación,6 - ENRIQUE BOY/mejoras a la pagina.docx,pendiente,media,False,
108,Enrique Boy (Ingeniería),Investigación,6 - ENRIQUE BOY,"Es autor de diversos libros especializados en programación, algoritmos, redes, UML, marketing electr…","Es autor de diversos libros especializados en programación, algoritmos, redes, UML, marketing electrónico y tecnologías digitales. Asimismo, es Investigador RENACYT, fundador y creador de la revista científica Technologica, además de desarrollador de software.",observación,6 - ENRIQUE BOY/mejoras a la pagina.docx,pendiente,media,False,
109,Enrique Boy (Ingeniería),Investigación,6 - ENRIQUE BOY,"Cuenta con amplia experiencia como docente universitario en diferentes universidades del país, así c…","Cuenta con amplia experiencia como docente universitario en diferentes universidades del país, así como asesor y consultor empresarial en tecnologías de la información, integrando investigación, desarrollo tecnológico y transformación digital.",observación,6 - ENRIQUE BOY/mejoras a la pagina.docx,pendiente,media,False,
110,Enrique Boy (Ingeniería),Carrera / Programa académico,6 - ENRIQUE BOY,DESCRIPCION DE LA PAGINA WEB – INGENIERIA INDUSTRIAL (pregrado regular):,DESCRIPCION DE LA PAGINA WEB – INGENIERIA INDUSTRIAL (pregrado regular):,observación,6 - ENRIQUE BOY/mejoras.docx,pendiente,media,False,
111,Edmundo Gonzales (Posgrado),Investigación,7 - EDMUNDO GONZALES,Maestrías Doctorados Diplomados y Cursos de Especialización Infórmate Más Dice: Maestría en Ciencias…,Maestrías Doctorados Diplomados y Cursos de Especialización Infórmate Más Dice: Maestría en Ciencias De La Educación Y Gestión Educativa Maestría en Educación en Entornos Virtuales Y Tecnología Educativa Maestría en Investigación Y Docencia Universitaria Maestria en Psicología Educativa Y Psicopedagogía,corrección texto,7 - EDMUNDO GONZALES/Correccione pagina web.docx,pendiente,media,False,
112,Edmundo Gonzales (Posgrado),Investigación,7 - EDMUNDO GONZALES,Maestría en Ciencias de la Educación u Gestión Educativa Maestría en Educación en Entornos Virtuales…,Maestría en Ciencias de la Educación u Gestión Educativa Maestría en Educación en Entornos Virtuales y Tecnología Educativa Maestría en Investigación y Docencia Universitaria Maestría en Psicología Educativa y Psicopedagogía,observación,7 - EDMUNDO GONZALES/Correccione pagina web.docx,pendiente,media,False,
113,Edmundo Gonzales (Posgrado),Posgrado,7 - EDMUNDO GONZALES,Dice: Infórmate Más | Debe decir: PresentaciónPresentación General de la Escuela de Posgrado Misión …,Dice: Infórmate Más | Debe decir: PresentaciónPresentación General de la Escuela de Posgrado Misión / Visión,corrección texto,7 - EDMUNDO GONZALES/Correccione pagina web.docx,pendiente,media,False,
114,Edmundo Gonzales (Posgrado),Posgrado,7 - EDMUNDO GONZALES,Dice: Nuestros Líderes Dr. Miguel Sibina Director Académico | Debe decir: Mtra. Milagros Rivas Mendo…,Dice: Nuestros Líderes Dr. Miguel Sibina Director Académico | Debe decir: Mtra. Milagros Rivas Mendoza Director Académico Dice: Doble Grado 4+1 (Carrera + Maestría en la misma Uprit),corrección texto,7 - EDMUNDO GONZALES/Correccione pagina web.docx,pendiente,media,False,
115,Edmundo Gonzales (Posgrado),Posgrado,7 - EDMUNDO GONZALES,Dice: Sesiones Informativas: Grados y Másteres Conoce tu futuro en UGS Escuela de Posgrado. Te invit…,"Dice: Sesiones Informativas: Grados y Másteres Conoce tu futuro en UGS Escuela de Posgrado. Te invitamos a nuestras sesiones interactivas donde, además de obtener información detallada sobre los grados y másteres de tu interés, vivirás la experiencia de aprendizaje en UGS y conocerás a futuros compañeros y profesores. | Debe decir: Sesiones Informativas Te invitamos a nuestras sesiones informativas donde podrás obtener información detallada sobre los Programas de Maestría y Doctorado de tu interés.",corrección texto,7 - EDMUNDO GONZALES/Correccione pagina web.docx,pendiente,media,False,
116,Edmundo Gonzales (Posgrado),General,7 - EDMUNDO GONZALES,Dice: Jornadas de Puertas Abiertas | Debe decir: Eliminar texto,Dice: Jornadas de Puertas Abiertas | Debe decir: Eliminar texto,corrección texto,7 - EDMUNDO GONZALES/Correccione pagina web.docx,pendiente,media,False,
